origin,destination,count,delay
ABE,ATL,853,1152
ABE,BHM,1,1797
ABE,CLE,805,1306
ABE,CLT,465,1126
ABE,CVG,247,1319
ABE,DTW,997,1409
ABE,JFK,3,1797
ABE,LGA,9,1416
ABE,ORD,1425,1608
ABE,PHL,2,1256
ABI,DFW,2660,1018
ABQ,AMA,368,1079
ABQ,ATL,1067,1076
ABQ,AUS,433,1139
ABQ,BWI,546,1538
ABQ,CLE,12,1608
ABQ,CVG,260,1130
ABQ,DAL,3078,1672
ABQ,DEN,4318,1571
ABQ,DFW,2888,1604
ABQ,ELP,799,1054
ABQ,EWR,167,1849
ABQ,HOU,1011,1574
ABQ,IAD,365,1250
ABQ,IAH,2261,1138
ABQ,LAS,2402,1830
ABQ,LAX,2395,1044
ABQ,LBB,366,1639
ABQ,MAF,367,1547
ABQ,MCI,670,1891
ABQ,MCO,730,1756
ABQ,MDW,730,1535
ABQ,MSP,677,1054
ABQ,OAK,1016,1241
ABQ,OKC,229,1291
ABQ,ONT,446,1834
ABQ,ORD,751,1065
ABQ,PDX,366,1486
ABQ,PHX,5265,1294
ABQ,SAN,1034,1850
ABQ,SAT,424,1549
ABQ,SEA,721,1515
ABQ,SFO,530,1207
ABQ,SLC,2307,1607
ABQ,SMF,466,1345
ABQ,STL,366,1114
ABQ,TPA,366,1702
ABQ,TUL,230,1565
ABQ,TUS,719,1286
ABY,ATL,1095,1743
ACK,EWR,234,1183
ACK,JFK,223,1322
ACT,DFW,1993,1440
ACV,CEC,362,1620
ACV,MRY,2,1822
ACV,SFO,2343,1101
ACV,SJC,1,1514
ACV,SLC,388,1789
ACV,SMF,618,1034
ACY,ATL,113,1776
ACY,JFK,1,1176
ACY,LGA,2,1655
ADK,ANC,102,1014
ADQ,ANC,706,1310
AEX,ATL,983,1617
AEX,DFW,1005,1592
AEX,IAH,342,1742
AGS,ATL,2380,1495
AGS,CLT,16,1257
AGS,LGA,7,1758
AKN,ANC,78,1646
AKN,DLG,38,1331
ALB,ATL,1154,1313
ALB,BOS,1,1850
ALB,BWI,2297,1819
ALB,CLE,1113,1535
ALB,CLT,956,1871
ALB,CVG,914,1244
ALB,DCA,327,1360
ALB,DTW,1013,1593
ALB,EWR,611,1142
ALB,FLL,60,1810
ALB,JFK,367,1798
ALB,LAS,366,1669
ALB,MCO,1037,1010
ALB,MDW,730,1273
ALB,MSP,57,1758
ALB,ORD,1630,1788
ALB,PHL,449,1217
ALB,SBN,1,1789
ALB,TPA,391,1803
ALO,MSP,323,1702
AMA,ABQ,366,1110
AMA,DAL,2669,1600
AMA,DEN,729,1040
AMA,DFW,2556,1829
AMA,IAH,809,1104
AMA,LAS,366,1208
AMA,TUL,1,1663
ANC,ADK,102,1219
ANC,ADQ,706,1383
ANC,AKN,116,1238
ANC,ATL,115,1318
ANC,BET,1035,1475
ANC,CDV,362,1263
ANC,CVG,90,1115
ANC,DEN,451,1560
ANC,DFW,153,1196
ANC,DLG,78,1095
ANC,DTW,96,1768
ANC,FAI,3217,1255
ANC,HNL,236,1681
ANC,IAH,207,1268
ANC,JNU,1163,1520
ANC,LAS,237,1435
ANC,LAX,238,1204
ANC,MSP,826,1499
ANC,OGG,27,1508
ANC,OME,365,1615
ANC,ORD,561,1102
ANC,OTZ,725,1081
ANC,PDX,576,1178
ANC,PHX,366,1180
ANC,SCC,363,1485
ANC,SEA,6257,1542
ANC,SFO,181,1301
ANC,SLC,478,1131
ASE,ATL,16,1169
ASE,DEN,3992,1058
ASE,GJT,1,1379
ASE,LAX,334,1208
ASE,MSN,1,1402
ASE,ORD,332,1601
ASE,PHX,109,1581
ASE,RFD,1,1707
ASE,SFO,62,1009
ASE,SLC,459,1105
ATL,ABE,852,1148
ATL,ABQ,1064,1364
ATL,ABY,1095,1263
ATL,ACY,113,1817
ATL,AEX,982,1158
ATL,AGS,2381,1731
ATL,ALB,1153,1472
ATL,ANC,115,1415
ATL,ASE,16,1153
ATL,ATW,742,1825
ATL,AUS,2255,1294
ATL,AVL,1936,1622
ATL,AVP,584,1192
ATL,BDL,2140,1463
ATL,BGR,270,1805
ATL,BHM,2871,1145
ATL,BMI,2509,1479
ATL,BNA,3096,1706
ATL,BOI,41,1606
ATL,BOS,5990,1895
ATL,BQK,924,1870
ATL,BTR,2665,1501
ATL,BTV,500,1469
ATL,BUF,3578,1531
ATL,BWI,5978,1111
ATL,BZN,60,1248
ATL,CAE,2494,1860
ATL,CAK,3902,1482
ATL,CHA,2082,1106
ATL,CHO,786,1678
ATL,CHS,4492,1883
ATL,CID,357,1241
ATL,CLE,2865,1836
ATL,CLT,6720,1096
ATL,CMH,1796,1365
ATL,COS,589,1665
ATL,CRP,5,1212
ATL,CRW,1430,1608
ATL,CSG,1481,1274
ATL,CVG,2810,1700
ATL,DAB,2413,1465
ATL,DAY,4372,1356
ATL,DCA,7289,1423
ATL,DEN,5726,1771
ATL,DFW,9847,1833
ATL,DHN,1397,1701
ATL,DSM,1114,1233
ATL,DTW,5612,1669
ATL,EGE,110,1115
ATL,ELP,575,1600
ATL,EVV,1150,1231
ATL,EWN,791,1751
ATL,EWR,8028,1729
ATL,EYW,974,1818
ATL,FAY,2173,1513
ATL,FCA,25,1036
ATL,FLL,7665,1128
ATL,FLO,614,1370
ATL,FNT,3132,1300
ATL,FSD,135,1669
ATL,FSM,632,1641
ATL,FWA,1028,1323
ATL,GNV,2064,1240
ATL,GPT,3441,1647
ATL,GRB,93,1803
ATL,GRK,642,1875
ATL,GRR,1352,1635
ATL,GSO,2866,1788
ATL,GSP,2450,1591
ATL,GTR,964,1763
ATL,GUC,2,1495
ATL,HDN,107,1319
ATL,HHH,836,1057
ATL,HNL,637,1715
ATL,HOU,3593,1013
ATL,HPN,2155,1739
ATL,HSV,2627,1496
ATL,IAD,5309,1084
ATL,IAH,5268,1798
ATL,ICT,3146,1675
ATL,ILM,1996,1159
ATL,IND,3517,1248
ATL,ISP,214,1226
ATL,JAC,118,1108
ATL,JAN,2694,1591
ATL,JAX,5656,1750
ATL,JFK,1915,1223
ATL,LAS,4766,1210
ATL,LAW,544,1805
ATL,LAX,5406,1689
ATL,LEX,2213,1497
ATL,LFT,995,1269
ATL,LGA,10506,1195
ATL,LIT,2527,1443
ATL,LWB,185,1582
ATL,LYH,625,1882
ATL,MCI,4140,1116
ATL,MCN,652,1429
ATL,MCO,9613,1777
ATL,MDT,1789,1378
ATL,MDW,3256,1766
ATL,MEI,674,1751
ATL,MEM,4866,1400
ATL,MFE,9,1081
ATL,MGM,2513,1167
ATL,MHT,695,1281
ATL,MIA,6628,1473
ATL,MKE,3610,1377
ATL,MLB,2000,1530
ATL,MLI,2590,1263
ATL,MLU,983,1045
ATL,MOB,2224,1314
ATL,MSN,384,1408
ATL,MSP,5368,1807
ATL,MSY,4695,1081
ATL,MTJ,37,1761
ATL,MYR,1853,1576
ATL,OAJ,1178,1746
ATL,OAK,90,1879
ATL,OKC,1883,1822
ATL,OMA,1730,1324
ATL,ONT,796,1295
ATL,ORD,7677,1815
ATL,ORF,2784,1767
ATL,PBI,4263,1249
ATL,PDX,1095,1459
ATL,PFN,2548,1380
ATL,PHF,4158,1314
ATL,PHL,6915,1525
ATL,PHX,4603,1361
ATL,PIA,622,1261
ATL,PIT,4555,1416
ATL,PNS,4429,1394
ATL,PVD,1389,1142
ATL,PWM,904,1700
ATL,RDU,5411,1667
ATL,RIC,4532,1687
ATL,RNO,167,1323
ATL,ROA,1732,1282
ATL,ROC,2489,1461
ATL,RSW,4193,1832
ATL,SAN,2857,1662
ATL,SAT,3239,1703
ATL,SAV,3892,1757
ATL,SBN,1038,1181
ATL,SCE,121,1354
ATL,SDF,2754,1474
ATL,SEA,2574,1719
ATL,SFO,3462,1256
ATL,SGF,1171,1339
ATL,SHV,1816,1175
ATL,SJC,640,1391
ATL,SJU,1874,1248
ATL,SLC,2860,1420
ATL,SMF,682,1144
ATL,SNA,1461,1263
ATL,SRQ,3326,1682
ATL,STL,3958,1148
ATL,STT,451,1200
ATL,STX,67,1373
ATL,SWF,1617,1523
ATL,SYR,1419,1156
ATL,TLH,2484,1540
ATL,TOL,119,1439
ATL,TPA,7311,1823
ATL,TRI,1809,1087
ATL,TUL,1981,1061
ATL,TUP,9,1222
ATL,TUS,668,1009
ATL,TYS,2428,1633
ATL,VLD,938,1179
ATL,VPS,3046,1207
ATL,XNA,1769,1726
ATW,ATL,743,1774
ATW,CHS,1,1288
ATW,CVG,697,1715
ATW,DSM,1,1243
ATW,DTW,1020,1138
ATW,MKE,1032,1647
ATW,MSP,90,1524
ATW,ORD,2288,1711
ATW,XNA,1,1274
AUS,ABQ,435,1081
AUS,ATL,2252,1634
AUS,BNA,792,1534
AUS,BOS,368,1632
AUS,BWI,730,1858
AUS,CLE,380,1538
AUS,CLT,659,1319
AUS,CVG,653,1695
AUS,DAL,5573,1058
AUS,DEN,2673,1732
AUS,DFW,5506,1535
AUS,DSM,1,1401
AUS,DTW,1,1298
AUS,ELP,1349,1038
AUS,EWR,949,1519
AUS,FLL,481,1612
AUS,HOU,2319,1832
AUS,HRL,367,1255
AUS,IAD,670,1484
AUS,IAH,3691,1787
AUS,IND,218,1498
AUS,JAX,226,1382
AUS,JFK,1358,1075
AUS,LAS,1231,1878
AUS,LAX,1733,1712
AUS,LBB,692,1377
AUS,LGB,245,1454
AUS,MAF,470,1272
AUS,MCI,459,1518
AUS,MCO,632,1816
AUS,MDW,712,1530
AUS,MEM,834,1359
AUS,MSP,55,1545
AUS,MSY,444,1342
AUS,OAK,236,1160
AUS,OKC,88,1655
AUS,ONT,305,1411
AUS,ORD,2514,1838
AUS,ORF,1,1391
AUS,PHL,290,1588
AUS,PHX,2783,1597
AUS,RDU,231,1215
AUS,SAN,719,1225
AUS,SEA,149,1837
AUS,SFO,610,1816
AUS,SJC,968,1574
AUS,SLC,548,1615
AUS,SNA,245,1828
AUS,STL,95,1619
AUS,TPA,367,1086
AUS,TUL,88,1628
AUS,TUS,228,1717
AVL,ATL,1936,1513
AVL,CVG,167,1367
AVL,DTW,768,1607
AVL,EWR,658,1291
AVL,IAH,459,1128
AVL,MCO,47,1180
AVL,MSP,364,1345
AVP,ATL,586,1146
AVP,CVG,356,1306
AVP,DTW,722,1118
AVP,HPN,1,1112
AVP,JFK,2,1244
AVP,LGA,3,1619
AVP,ORD,716,1276
AZO,CVG,148,1676
AZO,DTW,1177,1610
AZO,FAR,1,1241
AZO,MSP,245,1897
AZO,ORD,2352,1143
AZO,XNA,1,1716
BDL,ATL,2141,1895
BDL,BNA,366,1620
BDL,BWI,2880,1537
BDL,CLE,544,1437
BDL,CLT,1834,1769
BDL,CVG,1187,1828
BDL,DCA,1182,1791
BDL,DEN,214,1275
BDL,DFW,1065,1255
BDL,DTW,1516,1497
BDL,EWR,766,1128
BDL,FLL,546,1623
BDL,GRB,1,1714
BDL,IAD,1397,1828
BDL,IAH,120,1285
BDL,IND,585,1336
BDL,JFK,602,1290
BDL,LAS,366,1698
BDL,LAX,132,1811
BDL,MCO,1755,1858
BDL,MDW,1028,1395
BDL,MEM,48,1037
BDL,MIA,366,1814
BDL,MKE,536,1423
BDL,MSP,986,1701
BDL,ORD,3131,1189
BDL,PBI,373,1093
BDL,PHL,521,1584
BDL,PHX,335,1515
BDL,RDU,1150,1564
BDL,RSW,134,1747
BDL,SJU,366,1710
BDL,TPA,1276,1088
BET,ANC,1035,1877
BFL,DEN,533,1555
BFL,FAT,1,1397
BFL,LAS,102,1245
BFL,LAX,906,1069
BFL,PHX,1194,1775
BFL,SAN,225,1486
BFL,SFO,943,1318
BFL,SLC,371,1427
BFL,SMF,227,1588
BGM,DTW,728,1205
BGR,ATL,270,1811
BGR,BOS,793,1320
BGR,BTV,1,1480
BGR,CVG,129,1341
BGR,DTW,801,1655
BGR,EWR,536,1063
BGR,JFK,338,1643
BGR,MSP,11,1688
BHM,ATL,2876,1509
BHM,AUS,1,1798
BHM,BNA,696,1719
BHM,BWI,1038,1766
BHM,CLE,264,1507
BHM,CLT,786,1578
BHM,CVG,598,1479
BHM,DAL,1074,1425
BHM,DEN,666,1491
BHM,DFW,1287,1576
BHM,DTW,892,1453
BHM,EWR,668,1000
BHM,HOU,723,1126
BHM,HSV,1,1429
BHM,IAD,245,1884
BHM,IAH,2345,1167
BHM,JAX,366,1482
BHM,JFK,1,1447
BHM,LAS,366,1270
BHM,LGA,840,1475
BHM,MCO,1196,1564
BHM,MDW,709,1174
BHM,MEM,886,1201
BHM,MKE,1,1811
BHM,MSY,1008,1653
BHM,ORD,1497,1207
BHM,PHX,366,1784
BHM,RDU,159,1159
BHM,SDF,679,1788
BHM,SLC,8,1602
BHM,STL,366,1471
BHM,TPA,1071,1673
BIL,DEN,1628,1025
BIL,GTF,1,1608
BIL,MSP,820,1514
BIL,ORD,103,1166
BIL,PIH,3,1873
BIL,SLC,1950,1155
BIS,DEN,1239,1497
BIS,MSP,1052,1656
BIS,RAP,2,1001
BJI,MSP,74,1842
BLI,SLC,120,1753
BMI,ATL,2511,1897
BMI,DFW,60,1651
BMI,LAS,50,1132
BMI,MCO,173,1074
BMI,ORD,2007,1002
BNA,ATL,3097,1251
BNA,AUS,795,1615
BNA,BDL,365,1005
BNA,BHM,688,1559
BNA,BOS,78,1490
BNA,BWI,2502,1336
BNA,CID,1,1337
BNA,CLE,1147,1629
BNA,CLT,2127,1486
BNA,CMH,677,1820
BNA,COS,1,1344
BNA,CVG,769,1215
BNA,DCA,1403,1311
BNA,DEN,2529,1409
BNA,DFW,2859,1640
BNA,DTW,2708,1524
BNA,EWR,1836,1300
BNA,FLL,738,1630
BNA,FSD,2,1614
BNA,HOU,1504,1017
BNA,IAD,418,1375
BNA,IAH,2522,1743
BNA,JAX,1382,1753
BNA,JFK,523,1028
BNA,LAS,1202,1269
BNA,LAX,1400,1760
BNA,LGA,1216,1185
BNA,MCI,1302,1211
BNA,MCO,1798,1403
BNA,MDW,2993,1685
BNA,MEM,1020,1241
BNA,MIA,731,1132
BNA,MKE,772,1537
BNA,MSP,785,1376
BNA,MSY,1012,1314
BNA,OAK,363,1091
BNA,ONT,365,1112
BNA,ORD,3725,1070
BNA,ORF,236,1660
BNA,PHL,980,1884
BNA,PHX,1124,1523
BNA,PVD,366,1533
BNA,RDU,1623,1315
BNA,SAN,721,1878
BNA,SAT,677,1861
BNA,SEA,364,1431
BNA,SLC,115,1210
BNA,STL,258,1165
BNA,TPA,1720,1031
BOI,ATL,41,1295
BOI,ATW,1,1300
BOI,DEN,2064,1723
BOI,GEG,1042,1274
BOI,GJT,1,1703
BOI,LAS,756,1384
BOI,LAX,1001,1476
BOI,MSP,807,1449
BOI,OAK,666,1653
BOI,ONT,471,1046
BOI,ORD,787,1868
BOI,PDX,1027,1646
BOI,PHX,679,1392
BOI,PIT,1,1341
BOI,RNO,1029,1164
BOI,SAN,475,1466
BOI,SEA,1080,1148
BOI,SFO,1754,1838
BOI,SLC,3342,1829
BOS,ACK,1,1080
BOS,ATL,5982,1076
BOS,AUS,368,1777
BOS,BGR,794,1576
BOS,BNA,2,1746
BOS,BTV,1,1461
BOS,BUF,729,1251
BOS,BWI,4797,1258
BOS,CAK,467,1193
BOS,CHS,156,1091
BOS,CLE,1362,1675
BOS,CLT,3533,1594
BOS,CMH,916,1733
BOS,CVG,1937,1034
BOS,DCA,8899,1677
BOS,DEN,2077,1222
BOS,DFW,3036,1692
BOS,DTW,2306,1281
BOS,EWR,3883,1155
BOS,FLL,2476,1622
BOS,GGG,1,1684
BOS,GSO,141,1734
BOS,IAD,4184,1446
BOS,IAH,1800,1390
BOS,IND,950,1723
BOS,JAX,647,1329
BOS,JFK,7372,1448
BOS,LAS,1383,1507
BOS,LAX,2234,1648
BOS,LGA,12029,1662
BOS,LGB,788,1453
BOS,MCO,3474,1626
BOS,MDW,344,1212
BOS,MEM,200,1412
BOS,MIA,2196,1299
BOS,MKE,209,1426
BOS,MSP,1635,1034
BOS,MSY,254,1386
BOS,MYR,45,1107
BOS,OAK,516,1325
BOS,ORD,7085,1882
BOS,ORF,243,1325
BOS,PBI,1743,1021
BOS,PDX,366,1469
BOS,PHF,715,1751
BOS,PHL,6375,1634
BOS,PHX,1069,1675
BOS,PIT,591,1833
BOS,RDU,3777,1608
BOS,RIC,689,1876
BOS,RSW,1716,1394
BOS,SAN,608,1290
BOS,SAV,89,1000
BOS,SDF,80,1293
BOS,SEA,979,1170
BOS,SFO,2668,1261
BOS,SJC,256,1133
BOS,SJU,1274,1757
BOS,SLC,707,1873
BOS,SRQ,23,1422
BOS,STL,865,1443
BOS,STT,88,1183
BOS,TPA,1785,1115
BPT,IAH,276,1844
BQK,ATL,925,1054
BQN,EWR,366,1324
BQN,JFK,661,1034
BQN,MCO,492,1770
BRO,IAH,1464,1010
BRW,ANC,364,1311
BRW,FAI,364,1674
BTM,SLC,708,1659
BTR,ATL,2663,1377
BTR,CVG,2,1551
BTR,DCA,129,1490
BTR,DEN,1,1121
BTR,DFW,2922,1287
BTR,IAH,2009,1124
BTR,MEM,999,1453
BTR,MSY,1,1149
BTR,ORD,215,1782
BTV,ATL,500,1050
BTV,BWI,538,1049
BTV,CLE,614,1749
BTV,CVG,153,1710
BTV,DTW,826,1715
BTV,EWR,879,1381
BTV,IAD,129,1246
BTV,IND,1,1836
BTV,JFK,2207,1453
BTV,MCO,346,1594
BTV,MSP,75,1795
BTV,ORD,737,1857
BUF,ATL,3575,1054
BUF,BOS,728,1545
BUF,BWI,2439,1499
BUF,CLE,633,1562
BUF,CLT,1435,1113
BUF,CVG,160,1710
BUF,DCA,312,1554
BUF,DFW,93,1116
BUF,DTW,1510,1435
BUF,EWR,1469,1640
BUF,FLL,672,1519
BUF,IAD,16,1158
BUF,JFK,3679,1363
BUF,LAS,589,1385
BUF,MCO,1876,1392
BUF,MDW,1276,1358
BUF,MSP,227,1776
BUF,ORD,3437,1544
BUF,PHL,685,1123
BUF,PHX,365,1597
BUF,RSW,376,1236
BUF,TPA,729,1461
BUR,DEN,944,1682
BUR,DFW,1376,1462
BUR,IAD,163,1614
BUR,JFK,1366,1437
BUR,LAS,5162,1124
BUR,OAK,5423,1782
BUR,PDX,60,1754
BUR,PHX,4751,1419
BUR,PMD,1,1839
BUR,PSP,1,1467
BUR,RNO,1,1564
BUR,SEA,1390,1132
BUR,SFO,2258,1518
BUR,SJC,3377,1619
BUR,SLC,1673,1514
BUR,SMF,3458,1113
BUR,TUS,1,1171
BWI,ABQ,549,1118
BWI,ALB,2296,1455
BWI,ATL,5972,1172
BWI,AUS,728,1242
BWI,BDL,2863,1731
BWI,BHM,1037,1542
BWI,BNA,2492,1493
BWI,BOS,4795,1794
BWI,BTV,539,1179
BWI,BUF,2437,1148
BWI,CLE,2543,1319
BWI,CLT,3652,1204
BWI,CMH,1683,1537
BWI,CVG,1228,1600
BWI,DAB,32,1377
BWI,DAY,982,1480
BWI,DEN,2664,1696
BWI,DFW,2311,1200
BWI,DTW,3105,1238
BWI,EWR,507,1743
BWI,FLL,2710,1263
BWI,GRR,1,1848
BWI,HOU,1262,1074
BWI,IAH,1728,1415
BWI,IND,1016,1553
BWI,ISP,2427,1647
BWI,JAN,664,1250
BWI,JAX,1058,1138
BWI,JFK,1134,1061
BWI,LAS,1626,1512
BWI,LAX,898,1357
BWI,LGA,7,1015
BWI,LIT,366,1129
BWI,MCI,1025,1891
BWI,MCO,4926,1220
BWI,MDW,2809,1160
BWI,MEM,827,1445
BWI,MHT,3633,1706
BWI,MIA,929,1832
BWI,MKE,1290,1604
BWI,MSP,974,1168
BWI,MSY,392,1329
BWI,OKC,366,1275
BWI,ORD,3545,1592
BWI,ORF,1683,1383
BWI,PBI,1351,1805
BWI,PHL,692,1176
BWI,PHX,2098,1459
BWI,PIT,1064,1035
BWI,PVD,3988,1467
BWI,PWM,995,1095
BWI,RDU,2082,1811
BWI,ROC,863,1393
BWI,RSW,1336,1472
BWI,SAN,721,1015
BWI,SAT,729,1786
BWI,SAV,1,1579
BWI,SDF,1474,1499
BWI,SEA,242,1023
BWI,SFO,366,1713
BWI,SJU,319,1241
BWI,SLC,727,1774
BWI,SRQ,245,1074
BWI,STL,1682,1161
BWI,TPA,3388,1856
BZN,ATL,60,1139
BZN,BTM,1,1256
BZN,DEN,1293,1654
BZN,DTW,19,1830
BZN,IDA,1,1769
BZN,LAX,13,1328
BZN,MSP,878,1165
BZN,ORD,337,1680
BZN,SFO,28,1331
BZN,SLC,2029,1050
CAE,ATL,2508,1313
CAE,CVG,927,1333
CAE,DFW,1157,1514
CAE,DTW,713,1025
CAE,EWR,684,1207
CAE,IAD,1386,1492
CAE,IAH,164,1804
CAE,LGA,609,1830
CAE,MEM,706,1197
CAE,ORD,1696,1012
CAK,ATL,3905,1142
CAK,BOS,467,1760
CAK,CVG,40,1192
CAK,DEN,779,1180
CAK,DTW,1044,1823
CAK,FLL,8,1290
CAK,LAS,42,1763
CAK,LGA,793,1316
CAK,MCO,371,1114
CAK,ORD,1049,1334
CAK,RSW,137,1272
CAK,TPA,359,1484
CDC,LAX,1,1743
CDC,SGU,1,1730
CDC,SLC,666,1619
CDV,ANC,363,1466
CDV,YAK,362,1838
CEC,ACV,360,1310
CEC,SFO,703,1631
CHA,ATL,2086,1064
CHA,CVG,132,1393
CHA,DFW,426,1265
CHA,DTW,72,1019
CHA,IAH,459,1553
CHA,MEM,630,1010
CHA,ORD,766,1058
CHO,ATL,786,1846
CHO,CVG,36,1417
CHO,DCA,1,1440
CHS,ATL,4494,1493
CHS,BOS,156,1769
CHS,CLE,150,1011
CHS,CLT,1121,1707
CHS,CVG,786,1657
CHS,DFW,1155,1441
CHS,DTW,756,1484
CHS,EWR,1284,1502
CHS,IAD,712,1615
CHS,IAH,73,1234
CHS,JAX,2,1053
CHS,LGA,1413,1271
CHS,MEM,714,1889
CHS,MSP,27,1633
CHS,ORD,1337,1765
CHS,SAV,1,1603
CIC,FAT,1,1354
CIC,MRY,1,1664
CIC,SFO,1390,1772
CID,ATL,357,1427
CID,CVG,874,1139
CID,DEN,798,1330
CID,DFW,1897,1138
CID,DSM,1,1213
CID,DTW,946,1084
CID,LGA,156,1519
CID,MKE,1,1047
CID,MSP,416,1145
CID,ORD,3931,1783
CLD,LAX,2259,1334
CLD,PHX,44,1253
CLE,ABE,805,1101
CLE,ABQ,12,1308
CLE,ALB,1106,1258
CLE,ATL,3115,1690
CLE,AUS,380,1435
CLE,BDL,516,1166
CLE,BHM,264,1247
CLE,BNA,1128,1258
CLE,BOS,1354,1788
CLE,BTV,613,1114
CLE,BUF,620,1486
CLE,BWI,2562,1166
CLE,CHS,150,1130
CLE,CLT,1981,1238
CLE,CMH,17,1700
CLE,CVG,493,1756
CLE,DAB,12,1596
CLE,DAY,869,1807
CLE,DCA,934,1230
CLE,DEN,976,1325
CLE,DFW,1656,1602
CLE,DSM,139,1250
CLE,DTW,1359,1345
CLE,EWR,2105,1205
CLE,FLL,618,1108
CLE,GRR,1136,1408
CLE,GSO,148,1634
CLE,GSP,510,1253
CLE,IAD,1433,1715
CLE,IAH,2151,1114
CLE,IND,142,1674
CLE,JAX,143,1427
CLE,JFK,1392,1303
CLE,LAS,1656,1046
CLE,LAX,1050,1730
CLE,LEX,15,1239
CLE,LGA,2936,1406
CLE,MCI,1230,1068
CLE,MCO,1915,1470
CLE,MDT,58,1372
CLE,MDW,2561,1732
CLE,MEM,1211,1301
CLE,MHT,1235,1019
CLE,MIA,399,1175
CLE,MKE,2226,1048
CLE,MSN,317,1419
CLE,MSP,1693,1588
CLE,MSY,54,1658
CLE,OKC,32,1730
CLE,OMA,430,1875
CLE,ORD,4569,1342
CLE,ORF,2,1196
CLE,PBI,383,1045
CLE,PHL,674,1033
CLE,PHX,1110,1431
CLE,PVD,360,1280
CLE,PWM,306,1591
CLE,RDU,319,1088
CLE,RIC,905,1670
CLE,ROC,928,1770
CLE,RSW,595,1857
CLE,SAN,85,1519
CLE,SAT,232,1066
CLE,SAV,321,1362
CLE,SDF,679,1762
CLE,SEA,231,1818
CLE,SFO,466,1208
CLE,SJU,43,1629
CLE,SLC,346,1250
CLE,SRQ,118,1808
CLE,STL,1191,1593
CLE,SYR,696,1398
CLE,TPA,874,1017
CLE,TUL,10,1071
CLE,TYS,495,1297
CLL,DFW,1105,1094
CLL,IAH,262,1119
CLT,ABE,465,1328
CLT,AGS,17,1072
CLT,ALB,978,1500
CLT,ATL,6722,1118
CLT,ATW,1,1703
CLT,AUS,660,1276
CLT,BDL,1834,1521
CLT,BHM,787,1346
CLT,BNA,2126,1427
CLT,BOS,3551,1550
CLT,BUF,1434,1047
CLT,BWI,3684,1388
CLT,CHS,1122,1461
CLT,CLE,1971,1724
CLT,CMH,125,1701
CLT,CVG,877,1571
CLT,DAB,23,1209
CLT,DCA,2988,1569
CLT,DEN,1925,1417
CLT,DFW,3796,1041
CLT,DTW,2701,1001
CLT,EGE,13,1698
CLT,EWR,5953,1257
CLT,FAY,95,1399
CLT,FLL,3295,1254
CLT,GRR,1,1824
CLT,GSO,985,1828
CLT,HSV,13,1237
CLT,IAD,3126,1797
CLT,IAH,3711,1129
CLT,ILM,1257,1533
CLT,IND,1230,1463
CLT,JAX,2524,1064
CLT,JFK,1866,1520
CLT,LAS,1734,1834
CLT,LAX,1458,1780
CLT,LGA,5339,1881
CLT,LIT,39,1757
CLT,MCI,1183,1891
CLT,MCO,3277,1721
CLT,MDT,1144,1449
CLT,MDW,13,1837
CLT,MEM,2578,1741
CLT,MHT,705,1061
CLT,MIA,2970,1221
CLT,MKE,243,1111
CLT,MSP,1816,1228
CLT,MSY,1466,1669
CLT,MYR,2217,1736
CLT,OAJ,6,1699
CLT,ORD,5639,1446
CLT,ORF,1543,1801
CLT,PBI,1873,1774
CLT,PDX,136,1250
CLT,PHL,3525,1287
CLT,PHX,2186,1065
CLT,PIT,2349,1680
CLT,PNS,371,1819
CLT,PVD,1439,1119
CLT,PWM,276,1089
CLT,RDU,2340,1865
CLT,RIC,1801,1151
CLT,ROC,412,1343
CLT,RSW,1765,1828
CLT,SAN,704,1094
CLT,SAT,661,1750
CLT,SAV,1432,1067
CLT,SDF,796,1873
CLT,SEA,481,1851
CLT,SFO,1427,1184
CLT,SJU,796,1067
CLT,SLC,212,1158
CLT,SMF,76,1236
CLT,SRQ,207,1882
CLT,STL,1094,1056
CLT,STT,418,1468
CLT,STX,20,1404
CLT,SYR,747,1615
CLT,TLH,240,1606
CLT,TPA,2811,1250
CLT,TRI,16,1429
CLT,TUS,208,1847
CMH,ATL,1808,1390
CMH,BNA,685,1003
CMH,BOS,661,1303
CMH,BWI,1681,1544
CMH,CLE,24,1436
CMH,CLT,125,1846
CMH,CVG,1185,1681
CMH,DCA,77,1431
CMH,DEN,385,1057
CMH,DFW,1694,1692
CMH,DTW,1909,1317
CMH,EWR,1646,1342
CMH,GRB,1,1768
CMH,GRR,1,1437
CMH,IAH,841,1643
CMH,ICT,1,1310
CMH,JFK,515,1100
CMH,LAS,1341,1736
CMH,LAX,48,1244
CMH,LGA,2355,1070
CMH,MCI,164,1421
CMH,MCO,1074,1673
CMH,MDW,2643,1723
CMH,MEM,1057,1145
CMH,MIA,469,1772
CMH,MKE,1054,1551
CMH,MSP,1076,1605
CMH,OMA,1,1073
CMH,ORD,4959,1790
CMH,PBI,5,1693
CMH,PHL,996,1643
CMH,PHX,1096,1817
CMH,RDU,500,1187
CMH,RSW,137,1010
CMH,SLC,291,1620
CMH,STL,679,1297
CMH,SYR,1,1375
CMH,TPA,972,1656
CMI,ABI,1,1810
CMI,DFW,366,1685
CMI,ORD,2406,1559
CMI,SPI,1,1334
CMX,MSP,318,1332
COD,DEN,481,1467
COD,SLC,707,1833
COS,ABQ,1,1735
COS,ATL,591,1420
COS,CLE,1,1280
COS,CVG,104,1517
COS,DEN,4193,1170
COS,DFW,2036,1432
COS,FAT,1,1816
COS,IAH,1725,1003
COS,LAN,1,1014
COS,LAS,98,1844
COS,LAX,997,1390
COS,MCI,179,1721
COS,MEM,117,1738
COS,MKE,1,1813
COS,MSP,450,1566
COS,ONT,460,1580
COS,ORD,1519,1887
COS,PHX,1393,1547
COS,SAN,472,1303
COS,SFO,364,1811
COS,SLC,1074,1136
COS,SMF,424,1859
CPR,DEN,1536,1595
CPR,MSP,32,1455
CPR,ORD,134,1478
CPR,PIH,1,1435
CPR,SLC,1006,1480
CRP,ATL,6,1087
CRP,DFW,2510,1241
CRP,HOU,1933,1230
CRP,IAH,821,1738
CRW,ATL,1430,1156
CRW,BNA,1,1288
CRW,CVG,391,1053
CRW,DTW,208,1711
CRW,IAH,674,1176
CRW,LEX,1,1439
CRW,ORD,709,1018
CSG,ATL,1481,1413
CVG,ABE,248,1133
CVG,ABQ,260,1767
CVG,ALB,912,1353
CVG,ANC,90,1256
CVG,ATL,2758,1059
CVG,ATW,697,1276
CVG,AUS,653,1785
CVG,AVL,167,1663
CVG,AVP,357,1392
CVG,AZO,149,1774
CVG,BDL,1157,1220
CVG,BGR,127,1473
CVG,BHM,852,1139
CVG,BNA,902,1103
CVG,BOS,1859,1495
CVG,BTR,2,1560
CVG,BTV,152,1866
CVG,BUF,160,1542
CVG,BWI,1235,1231
CVG,CAE,942,1711
CVG,CAK,39,1794
CVG,CHA,132,1671
CVG,CHO,35,1095
CVG,CHS,786,1012
CVG,CID,873,1177
CVG,CLE,493,1684
CVG,CLT,926,1357
CVG,CMH,795,1076
CVG,COS,104,1839
CVG,CRW,391,1196
CVG,DAB,6,1437
CVG,DAY,746,1556
CVG,DCA,2015,1612
CVG,DEN,1384,1810
CVG,DFW,3244,1170
CVG,DSM,983,1832
CVG,DTW,3023,1676
CVG,EGE,30,1190
CVG,EVV,135,1523
CVG,EWR,3094,1459
CVG,FLL,683,1357
CVG,FSD,555,1625
CVG,GRB,447,1389
CVG,GRR,1386,1398
CVG,GSO,1057,1730
CVG,GSP,456,1131
CVG,HPN,126,1110
CVG,HSV,800,1425
CVG,HTS,159,1113
CVG,IAD,783,1333
CVG,IAH,2048,1386
CVG,ILM,140,1518
CVG,IND,491,1396
CVG,JAC,13,1836
CVG,JAN,120,1032
CVG,JAX,1125,1494
CVG,JFK,1532,1223
CVG,LAN,485,1074
CVG,LAS,921,1832
CVG,LAX,1143,1348
CVG,LEX,1525,1223
CVG,LGA,3645,1634
CVG,LIT,49,1100
CVG,MCI,1491,1394
CVG,MCO,1305,1574
CVG,MDT,1007,1168
CVG,MEM,1226,1262
CVG,MHT,776,1680
CVG,MIA,1045,1433
CVG,MKE,839,1164
CVG,MSN,259,1099
CVG,MSP,1745,1561
CVG,MSY,195,1543
CVG,MYR,13,1535
CVG,OKC,769,1581
CVG,OMA,1003,1886
CVG,ORD,6014,1747
CVG,ORF,450,1355
CVG,PBI,389,1599
CVG,PDX,318,1348
CVG,PFN,36,1017
CVG,PHL,1671,1617
CVG,PHX,468,1842
CVG,PIT,1292,1066
CVG,PVD,958,1457
CVG,PWM,555,1846
CVG,RDU,1087,1537
CVG,RIC,786,1093
CVG,ROA,1,1091
CVG,ROC,730,1430
CVG,RSW,539,1178
CVG,SAN,571,1614
CVG,SAT,882,1567
CVG,SAV,732,1062
CVG,SBN,12,1438
CVG,SCE,23,1403
CVG,SDF,635,1439
CVG,SEA,790,1012
CVG,SFO,777,1436
CVG,SGF,245,1065
CVG,SLC,1627,1210
CVG,SNA,285,1152
CVG,SRQ,444,1588
CVG,STL,345,1388
CVG,SYR,831,1505
CVG,TOL,20,1150
CVG,TPA,1099,1202
CVG,TRI,247,1457
CVG,TUL,882,1391
CVG,TVC,129,1460
CVG,TYS,916,1785
CVG,VPS,103,1345
CVG,XNA,101,1149
CWA,DTW,549,1299
CWA,MKE,285,1856
CWA,MLI,1,1837
CWA,MSP,13,1520
CWA,ORD,1715,1280
DAB,ATL,2412,1409
DAB,BWI,32,1272
DAB,CLE,12,1158
DAB,CLT,23,1632
DAB,CVG,6,1633
DAB,EWR,311,1800
DAB,JAX,1,1347
DAB,LGA,159,1406
DAB,MCO,1,1499
DAL,ABQ,3106,1179
DAL,AMA,2665,1513
DAL,AUS,5583,1074
DAL,BHM,1051,1469
DAL,ELP,2282,1020
DAL,HOU,9790,1394
DAL,HRL,33,1405
DAL,IAH,3730,1738
DAL,LBB,2680,1300
DAL,LIT,2330,1850
DAL,MAF,1997,1411
DAL,MCI,3922,1742
DAL,MSY,2096,1531
DAL,OKC,1686,1461
DAL,ORD,1005,1446
DAL,SAT,4973,1663
DAL,STL,2722,1448
DAL,TUL,2277,1577
DAY,ATL,4369,1699
DAY,BWI,980,1583
DAY,CLE,862,1761
DAY,CVG,755,1543
DAY,DEN,838,1577
DAY,DFW,1037,1265
DAY,DTW,1322,1649
DAY,EWR,948,1815
DAY,IAD,53,1579
DAY,IAH,864,1850
DAY,LAS,43,1228
DAY,MCO,416,1589
DAY,MKE,609,1439
DAY,MSP,692,1749
DAY,ORD,1799,1062
DAY,TPA,204,1700
DBQ,ORD,1349,1787
DCA,ALB,304,1447
DCA,ATL,7296,1733
DCA,BDL,1183,1284
DCA,BNA,1401,1833
DCA,BOS,8929,1157
DCA,BTR,129,1351
DCA,BUF,632,1546
DCA,CLE,935,1132
DCA,CLT,3001,1113
DCA,CMH,77,1052
DCA,CVG,1841,1250
DCA,DEN,1429,1717
DCA,DFW,3965,1377
DCA,DSM,272,1192
DCA,DTW,2982,1353
DCA,EWR,2289,1158
DCA,FLL,1361,1189
DCA,GRR,307,1365
DCA,HSV,561,1873
DCA,IAH,2919,1464
DCA,IND,968,1004
DCA,JAN,304,1111
DCA,JAX,888,1332
DCA,JFK,3017,1123
DCA,LAS,365,1681
DCA,LAX,366,1895
DCA,LEX,311,1624
DCA,LGA,11102,1026
DCA,MCO,1845,1804
DCA,MEM,1043,1282
DCA,MHT,306,1446
DCA,MIA,2987,1258
DCA,MKE,122,1451
DCA,MSN,287,1161
DCA,MSP,2199,1422
DCA,MSY,408,1588
DCA,ORD,7427,1023
DCA,PBI,909,1167
DCA,PHL,5,1730
DCA,PHX,1081,1893
DCA,PIT,322,1688
DCA,PLN,1,1227
DCA,PVD,671,1149
DCA,RDU,2732,1595
DCA,RSW,706,1309
DCA,SEA,727,1121
DCA,SLC,365,1709
DCA,SRQ,12,1566
DCA,STL,1296,1088
DCA,SYR,313,1142
DCA,TPA,1554,1637
DCA,XNA,210,1592
DEN,ABQ,4309,1073
DEN,AMA,731,1844
DEN,ANC,451,1132
DEN,ASE,3979,1029
DEN,ATL,5903,1800
DEN,AUS,2719,1187
DEN,BDL,213,1367
DEN,BFL,533,1104
DEN,BHM,651,1095
DEN,BIL,1631,1332
DEN,BIS,1240,1703
DEN,BNA,2556,1451
DEN,BOI,2069,1445
DEN,BOS,2234,1063
DEN,BTR,1,1649
DEN,BUR,1238,1567
DEN,BWI,2655,1430
DEN,BZN,1286,1843
DEN,CAK,780,1668
DEN,CID,572,1470
DEN,CLE,969,1501
DEN,CLT,1925,1496
DEN,CMH,685,1891
DEN,COD,481,1660
DEN,COS,4188,1503
DEN,CPR,1533,1823
DEN,CRW,1,1389
DEN,CVG,1384,1619
DEN,CYS,1,1504
DEN,DAY,850,1857
DEN,DCA,1428,1862
DEN,DFW,8268,1313
DEN,DRO,2473,1278
DEN,DSM,1404,1016
DEN,DTW,2913,1412
DEN,EGE,1673,1465
DEN,ELP,1060,1744
DEN,EUG,726,1001
DEN,EWR,2189,1111
DEN,FAR,1246,1184
DEN,FAT,1266,1543
DEN,FCA,668,1361
DEN,FLL,908,1721
DEN,FSD,1474,1113
DEN,GCC,695,1409
DEN,GEG,1440,1565
DEN,GJT,2469,1191
DEN,GRB,2,1746
DEN,GRR,343,1652
DEN,GTF,868,1784
DEN,GUC,832,1221
DEN,HDN,1310,1873
DEN,HLN,414,1835
DEN,HNL,367,1129
DEN,HOU,1056,1313
DEN,HSV,654,1809
DEN,IAD,2943,1315
DEN,IAH,4788,1393
DEN,ICT,1583,1203
DEN,IDA,979,1098
DEN,IND,2083,1358
DEN,JAC,1340,1473
DEN,JAX,118,1621
DEN,JFK,1084,1070
DEN,KOA,45,1607
DEN,LAS,8147,1550
DEN,LAX,8811,1473
DEN,LGA,3051,1608
DEN,LIH,45,1779
DEN,LIT,121,1801
DEN,LNK,1200,1555
DEN,MBS,1,1576
DEN,MCI,5111,1475
DEN,MCO,3015,1101
DEN,MDW,4338,1463
DEN,MEM,1730,1507
DEN,MFR,365,1681
DEN,MIA,810,1348
DEN,MKE,1587,1659
DEN,MLI,723,1443
DEN,MRY,363,1531
DEN,MSN,1003,1743
DEN,MSO,1108,1743
DEN,MSP,5011,1431
DEN,MSY,1174,1562
DEN,MTJ,1592,1037
DEN,OAK,3100,1243
DEN,OGG,163,1351
DEN,OKC,2636,1075
DEN,OMA,3169,1207
DEN,ONT,1544,1602
DEN,ORD,6051,1768
DEN,PBI,94,1876
DEN,PDX,4563,1290
DEN,PHL,2975,1601
DEN,PHX,8391,1420
DEN,PIA,363,1483
DEN,PIH,1,1553
DEN,PIT,804,1178
DEN,PSC,939,1282
DEN,PSP,997,1397
DEN,RAP,2308,1410
DEN,RDM,12,1359
DEN,RDU,470,1339
DEN,RFD,289,1451
DEN,RKS,545,1705
DEN,RNO,1350,1548
DEN,ROC,1,1587
DEN,RSW,221,1736
DEN,SAN,5358,1659
DEN,SAT,2651,1289
DEN,SBA,841,1591
DEN,SDF,384,1288
DEN,SEA,6414,1109
DEN,SFO,5604,1805
DEN,SGF,953,1477
DEN,SJC,3684,1596
DEN,SLC,8905,1321
DEN,SMF,3331,1110
DEN,SNA,3340,1117
DEN,STL,2126,1289
DEN,TPA,1682,1143
DEN,TUL,1628,1389
DEN,TUS,2089,1317
DEN,TVC,88,1430
DEN,TYS,510,1533
DEN,XNA,686,1595
DFW,ABI,2660,1380
DFW,ABQ,2888,1040
DFW,ACT,1994,1046
DFW,AEX,1003,1741
DFW,AMA,2551,1019
DFW,ANC,153,1627
DFW,ATL,9849,1202
DFW,AUS,5508,1212
DFW,BDL,1065,1859
DFW,BHM,1287,1328
DFW,BMI,60,1531
DFW,BNA,2861,1615
DFW,BOS,3036,1484
DFW,BTR,2919,1880
DFW,BUF,93,1546
DFW,BUR,1375,1089
DFW,BWI,2309,1855
DFW,CAE,1157,1568
DFW,CHA,426,1605
DFW,CHS,1154,1242
DFW,CID,1897,1585
DFW,CLE,1665,1472
DFW,CLL,1104,1740
DFW,CLT,3797,1690
DFW,CMH,1694,1297
DFW,CMI,366,1158
DFW,COS,2034,1308
DFW,CRP,2509,1139
DFW,CVG,3244,1001
DFW,DAY,1038,1392
DFW,DCA,3965,1644
DFW,DEN,8193,1825
DFW,DSM,2134,1494
DFW,DTW,2792,1723
DFW,EGE,457,1734
DFW,ELP,2900,1336
DFW,EVV,365,1440
DFW,EWR,3728,1285
DFW,FAT,730,1741
DFW,FLL,2296,1836
DFW,FNT,245,1651
DFW,FSM,1825,1139
DFW,FWA,713,1126
DFW,GGG,971,1617
DFW,GJT,600,1726
DFW,GPT,1155,1578
DFW,GRK,2562,1425
DFW,GRR,793,1329
DFW,GSO,1037,1558
DFW,GSP,1435,1005
DFW,GUC,109,1318
DFW,HDN,126,1820
DFW,HNL,732,1308
DFW,HOU,2425,1552
DFW,HSV,1714,1503
DFW,IAD,2010,1861
DFW,IAH,5526,1310
DFW,ICT,1792,1823
DFW,IND,2086,1297
DFW,JAC,213,1458
DFW,JAN,2604,1828
DFW,JAX,1366,1432
DFW,JFK,833,1707
DFW,LAS,4956,1787
DFW,LAW,1822,1727
DFW,LAX,6571,1722
DFW,LBB,3012,1600
DFW,LEX,908,1727
DFW,LFT,1181,1075
DFW,LGA,5365,1537
DFW,LIT,3245,1336
DFW,LRD,1400,1314
DFW,MAF,1777,1283
DFW,MCI,2878,1302
DFW,MCO,4114,1255
DFW,MDT,272,1533
DFW,MEM,2501,1780
DFW,MFE,1439,1603
DFW,MIA,3350,1464
DFW,MKE,745,1844
DFW,MLI,588,1741
DFW,MLU,964,1204
DFW,MOB,1398,1550
DFW,MSN,946,1846
DFW,MSP,2810,1256
DFW,MSY,2501,1853
DFW,MTJ,231,1088
DFW,OAK,724,1895
DFW,OGG,366,1687
DFW,OKC,2846,1740
DFW,OMA,1747,1481
DFW,ONT,1741,1462
DFW,ORD,8165,1865
DFW,ORF,1035,1318
DFW,PBI,853,1401
DFW,PDX,1578,1114
DFW,PHL,3483,1393
DFW,PHX,5388,1519
DFW,PIA,635,1413
DFW,PIT,2140,1636
DFW,PNS,2020,1588
DFW,PSP,1095,1694
DFW,RDU,2347,1120
DFW,RIC,1041,1636
DFW,RNO,1093,1327
DFW,ROC,176,1255
DFW,ROW,961,1147
DFW,RSW,918,1314
DFW,SAN,3526,1516
DFW,SAT,5414,1005
DFW,SAV,795,1095
DFW,SBA,365,1669
DFW,SDF,1386,1145
DFW,SEA,3915,1165
DFW,SFO,3486,1299
DFW,SGF,3231,1777
DFW,SHV,3579,1690
DFW,SJC,2250,1109
DFW,SJT,1315,1584
DFW,SJU,985,1571
DFW,SLC,3143,1689
DFW,SMF,1346,1270
DFW,SNA,3669,1814
DFW,SPS,1831,1077
DFW,STL,3598,1861
DFW,SYR,178,1160
DFW,TPA,2803,1871
DFW,TUL,3256,1574
DFW,TUS,2677,1089
DFW,TXK,1247,1562
DFW,TYR,1585,1570
DFW,TYS,1505,1121
DFW,VPS,1962,1545
DFW,XNA,2780,1528
DHN,ATL,1397,1356
DLG,ANC,116,1078
DLH,DTW,721,1440
DLH,MSP,1292,1014
DRO,ABQ,1,1462
DRO,DEN,2475,1044
DRO,PHX,812,1103
DRO,SLC,386,1516
DSM,ATL,1115,1452
DSM,CLE,139,1588
DSM,CVG,982,1420
DSM,CWA,1,1815
DSM,DCA,272,1857
DSM,DEN,1704,1074
DSM,DFW,2137,1352
DSM,DTW,956,1440
DSM,GJT,2,1563
DSM,IAH,688,1210
DSM,LAX,175,1642
DSM,LGA,707,1202
DSM,LNK,1,1765
DSM,MEM,751,1767
DSM,MKE,722,1206
DSM,MSP,1012,1865
DSM,ORD,4525,1532
DSM,ORF,1,1195
DSM,PHX,749,1271
DSM,RFD,1,1077
DSM,SLC,3,1868
DTW,ABE,997,1686
DTW,ALB,1013,1198
DTW,ANC,96,1115
DTW,ATL,5612,1572
DTW,ATW,1021,1198
DTW,AVL,768,1460
DTW,AVP,722,1154
DTW,AZO,1176,1196
DTW,BDL,1565,1333
DTW,BGM,728,1122
DTW,BGR,801,1371
DTW,BHM,887,1734
DTW,BNA,2712,1524
DTW,BOS,2377,1753
DTW,BTV,826,1780
DTW,BUF,1508,1743
DTW,BWI,3101,1572
DTW,BZN,19,1005
DTW,CAE,713,1569
DTW,CAK,1044,1371
DTW,CHA,73,1142
DTW,CHS,761,1002
DTW,CID,948,1499
DTW,CLE,1182,1382
DTW,CLT,2703,1197
DTW,CMH,1894,1309
DTW,CRW,208,1334
DTW,CVG,3099,1089
DTW,CWA,549,1197
DTW,DAY,1322,1053
DTW,DCA,2986,1582
DTW,DEN,2919,1487
DTW,DFW,2799,1226
DTW,DLH,722,1193
DTW,DSM,977,1801
DTW,ELM,1336,1811
DTW,ERI,1398,1469
DTW,EVV,1342,1833
DTW,EWR,4374,1220
DTW,FLL,1321,1092
DTW,FNT,1519,1239
DTW,FWA,1202,1109
DTW,GRB,1245,1057
DTW,GRR,2527,1192
DTW,GSO,1245,1744
DTW,GSP,1239,1834
DTW,HPN,666,1466
DTW,HSV,698,1752
DTW,IAD,1708,1182
DTW,IAH,2740,1812
DTW,ICT,242,1046
DTW,IND,2605,1345
DTW,ITH,133,1391
DTW,JAN,682,1144
DTW,JAX,507,1173
DTW,JFK,1754,1669
DTW,LAN,1642,1596
DTW,LAS,2038,1102
DTW,LAX,1608,1659
DTW,LEX,1658,1589
DTW,LGA,4594,1471
DTW,LIT,362,1715
DTW,LNK,320,1652
DTW,MBS,1468,1007
DTW,MCI,1438,1769
DTW,MCO,3481,1508
DTW,MDT,543,1103
DTW,MDW,3179,1417
DTW,MEM,2562,1321
DTW,MHT,844,1569
DTW,MIA,1227,1059
DTW,MKE,1742,1895
DTW,MLI,745,1798
DTW,MSN,1603,1025
DTW,MSP,4947,1186
DTW,MSY,68,1339
DTW,MYR,287,1586
DTW,OKC,622,1430
DTW,OMA,1324,1080
DTW,ORD,7553,1236
DTW,ORF,968,1306
DTW,PBI,472,1235
DTW,PDX,250,1100
DTW,PHL,2791,1160
DTW,PHX,2928,1589
DTW,PIA,701,1177
DTW,PIT,1558,1071
DTW,PLN,263,1604
DTW,PVD,1105,1278
DTW,PWM,66,1769
DTW,RDU,1368,1272
DTW,RIC,700,1797
DTW,ROA,748,1670
DTW,ROC,864,1464
DTW,RST,105,1786
DTW,RSW,1144,1047
DTW,SAN,583,1282
DTW,SAT,597,1515
DTW,SAV,508,1313
DTW,SBN,1638,1638
DTW,SCE,500,1522
DTW,SDF,1082,1810
DTW,SEA,1172,1479
DTW,SFO,1235,1022
DTW,SGF,363,1699
DTW,SHV,360,1143
DTW,SJU,155,1496
DTW,SLC,572,1190
DTW,SRQ,219,1121
DTW,STL,2516,1095
DTW,STT,16,1565
DTW,SWF,724,1800
DTW,SYR,1015,1891
DTW,TPA,1452,1749
DTW,TUL,726,1227
DTW,TVC,1209,1196
DTW,TYS,1788,1117
DTW,XNA,362,1183
EGE,ATL,109,1505
EGE,CLT,13,1664
EGE,CVG,30,1654
EGE,DEN,1674,1805
EGE,DFW,457,1698
EGE,EWR,207,1195
EGE,IAH,124,1628
EGE,JFK,13,1188
EGE,LAX,111,1416
EGE,LGA,16,1138
EGE,MIA,43,1859
EGE,MSP,112,1162
EGE,ORD,197,1253
EKO,SLC,1577,1257
EKO,TWF,3,1278
ELM,DTW,1336,1541
ELP,ABQ,792,1531
ELP,ATL,575,1153
ELP,AUS,1344,1273
ELP,DAL,2290,1270
ELP,DEN,1060,1875
ELP,DFW,2901,1722
ELP,HOU,1033,1233
ELP,IAH,1136,1304
ELP,LAS,1056,1272
ELP,LAX,1075,1343
ELP,LBB,362,1199
ELP,ONT,381,1802
ELP,ORD,670,1389
ELP,PHX,4136,1428
ELP,SAN,366,1259
ELP,SAT,1344,1177
ELP,SLC,121,1894
ELP,TUS,89,1292
ERI,DTW,1398,1001
ERI,PIT,1,1287
EUG,DEN,726,1048
EUG,FAT,1,1403
EUG,LAS,162,1106
EUG,LAX,305,1462
EUG,MFR,1,1529
EUG,PDX,1551,1502
EUG,PHX,372,1075
EUG,RDM,1,1485
EUG,SFO,1919,1735
EUG,SLC,711,1450
EVV,ATL,1151,1855
EVV,CVG,136,1606
EVV,DFW,366,1419
EVV,DTW,1342,1061
EVV,MEM,904,1304
EVV,ORD,1944,1084
EVV,STL,1,1807
EWN,ATL,791,1565
EWR,ABQ,166,1224
EWR,ACK,234,1812
EWR,ALB,619,1839
EWR,ATL,8060,1795
EWR,AUS,939,1201
EWR,AVL,658,1381
EWR,BDL,793,1748
EWR,BGR,536,1453
EWR,BHM,681,1303
EWR,BNA,1812,1198
EWR,BOS,3870,1535
EWR,BQN,366,1074
EWR,BTV,879,1027
EWR,BUF,1481,1885
EWR,BWI,508,1225
EWR,CAE,684,1534
EWR,CHS,1285,1557
EWR,CLE,2103,1565
EWR,CLT,5945,1221
EWR,CMH,1653,1478
EWR,CVG,3095,1533
EWR,DAB,311,1747
EWR,DAY,946,1359
EWR,DCA,2269,1865
EWR,DEN,2209,1435
EWR,DFW,3729,1769
EWR,DTW,4419,1132
EWR,EGE,207,1051
EWR,FLL,4432,1178
EWR,GRB,1,1602
EWR,GRR,593,1850
EWR,GSO,1092,1010
EWR,GSP,1036,1150
EWR,HDN,15,1233
EWR,HNL,362,1716
EWR,IAD,1789,1807
EWR,IAH,3989,1505
EWR,IND,1722,1512
EWR,JAN,121,1720
EWR,JAX,1596,1623
EWR,LAS,2350,1142
EWR,LAX,3239,1627
EWR,LEX,389,1499
EWR,LGA,1,1553
EWR,LIT,323,1083
EWR,MCI,1798,1691
EWR,MCO,4978,1864
EWR,MDW,279,1866
EWR,MEM,1192,1825
EWR,MHT,1331,1423
EWR,MIA,2873,1675
EWR,MKE,2523,1753
EWR,MSN,313,1755
EWR,MSP,3103,1293
EWR,MSY,1139,1525
EWR,MTJ,21,1430
EWR,MYR,234,1884
EWR,OKC,360,1584
EWR,OMA,1079,1103
EWR,ORD,7505,1437
EWR,ORF,379,1745
EWR,PBI,2769,1478
EWR,PDX,687,1730
EWR,PHL,19,1743
EWR,PHX,2601,1672
EWR,PIT,677,1347
EWR,PSE,16,1594
EWR,PVD,1101,1349
EWR,PWM,740,1600
EWR,RDU,2391,1281
EWR,RIC,1576,1053
EWR,ROC,925,1722
EWR,RSW,1873,1418
EWR,SAN,1179,1018
EWR,SAT,949,1351
EWR,SAV,1127,1365
EWR,SDF,1052,1589
EWR,SEA,2030,1070
EWR,SFO,2777,1692
EWR,SJC,200,1444
EWR,SJU,1580,1262
EWR,SLC,812,1081
EWR,SNA,908,1364
EWR,SRQ,399,1435
EWR,STL,1707,1691
EWR,STT,232,1640
EWR,SYR,993,1781
EWR,TPA,2838,1181
EWR,TUL,343,1362
EWR,TUS,186,1498
EWR,TYS,660,1291
EWR,XNA,545,1237
EYW,ATL,974,1210
EYW,MCO,35,1610
FAI,ANC,2853,1370
FAI,BRW,364,1422
FAI,MSP,205,1444
FAI,SCC,364,1736
FAI,SEA,956,1081
FAI,SLC,80,1137
FAR,DEN,1263,1529
FAR,LAN,1,1388
FAR,MCI,1,1134
FAR,MSP,1743,1653
FAR,ORD,1327,1186
FAR,SLC,95,1365
FAR,STL,1,1497
FAT,DEN,1265,1888
FAT,DFW,730,1391
FAT,LAS,2092,1539
FAT,LAX,4022,1013
FAT,LGB,435,1298
FAT,MRY,2,1272
FAT,OGD,1,1296
FAT,ONT,239,1373
FAT,PHX,1625,1637
FAT,SAN,581,1253
FAT,SBA,2,1586
FAT,SFO,2438,1688
FAT,SLC,845,1020
FAT,TWF,1,1540
FAY,ATL,2172,1476
FAY,CLT,95,1392
FCA,ATL,25,1593
FCA,DEN,668,1149
FCA,IDA,2,1888
FCA,MSP,210,1236
FCA,ORD,104,1045
FCA,SFO,12,1014
FCA,SLC,1741,1842
FLG,PHX,1871,1881
FLL,ALB,60,1387
FLL,ATL,7666,1886
FLL,AUS,481,1612
FLL,BDL,545,1121
FLL,BNA,740,1463
FLL,BOS,2473,1199
FLL,BUF,672,1895
FLL,BWI,2704,1255
FLL,CAK,8,1340
FLL,CLE,618,1632
FLL,CLT,2947,1279
FLL,CVG,687,1722
FLL,DCA,1339,1602
FLL,DEN,903,1682
FLL,DFW,2298,1662
FLL,DTW,1320,1057
FLL,EWR,4431,1199
FLL,GPT,366,1771
FLL,HOU,722,1544
FLL,HPN,1022,1113
FLL,IAD,1176,1195
FLL,IAH,1933,1555
FLL,IND,578,1657
FLL,ISP,1092,1270
FLL,JAX,1812,1319
FLL,JFK,4699,1051
FLL,LAS,677,1761
FLL,LAX,372,1111
FLL,LGA,3149,1774
FLL,LGB,332,1558
FLL,MCI,60,1446
FLL,MCO,2095,1316
FLL,MDW,1622,1693
FLL,MEM,480,1341
FLL,MHT,245,1218
FLL,MIA,1,1493
FLL,MKE,43,1578
FLL,MSP,475,1121
FLL,MSY,593,1176
FLL,OAK,13,1650
FLL,ORD,1581,1674
FLL,PHF,309,1763
FLL,PHL,2977,1654
FLL,PHX,622,1242
FLL,PIT,872,1743
FLL,PNS,145,1833
FLL,PSE,44,1650
FLL,PVD,424,1113
FLL,RDU,695,1621
FLL,RIC,366,1388
FLL,ROC,114,1806
FLL,SJU,765,1644
FLL,SLC,242,1308
FLL,STL,470,1184
FLL,SWF,476,1425
FLL,SYR,328,1615
FLL,TLH,262,1671
FLL,TPA,3036,1186
FLO,ATL,615,1027
FNT,ATL,3133,1794
FNT,DFW,246,1073
FNT,DTW,1522,1140
FNT,LAS,90,1374
FNT,LGA,393,1362
FNT,MCO,455,1132
FNT,MKE,838,1581
FNT,MKG,105,1371
FNT,MSP,354,1538
FNT,ORD,1264,1483
FNT,RSW,149,1467
FNT,TPA,200,1258
FSD,ATL,135,1235
FSD,CVG,555,1325
FSD,DEN,1429,1169
FSD,GRB,1,1374
FSD,MSN,1,1080
FSD,MSP,1927,1523
FSD,ORD,1770,1005
FSD,PIA,1,1878
FSD,SDF,1,1487
FSD,SLC,8,1434
FSM,ATL,633,1461
FSM,DFW,1826,1029
FSM,MEM,478,1042
FWA,ATL,1029,1344
FWA,DFW,713,1544
FWA,DTW,1202,1411
FWA,MSP,241,1229
FWA,ORD,2958,1447
FWA,TVC,1,1191
GCC,DEN,695,1748
GCC,RKS,59,1627
GCC,SLC,292,1661
GEG,BLI,1,1088
GEG,BOI,1016,1735
GEG,DEN,1436,1714
GEG,LAS,753,1286
GEG,LAX,431,1691
GEG,LGB,1,1493
GEG,MSP,826,1551
GEG,OAK,719,1303
GEG,ONT,440,1264
GEG,ORD,328,1236
GEG,PDX,1314,1136
GEG,PHX,777,1658
GEG,RDM,1,1020
GEG,RNO,213,1669
GEG,SAN,454,1221
GEG,SEA,4372,1681
GEG,SLC,1951,1751
GEG,SMF,375,1112
GEG,TUS,152,1297
GFK,MSP,1371,1588
GGG,DFW,978,1498
GJT,ASE,2,1238
GJT,DEN,2463,1395
GJT,DFW,599,1127
GJT,HDN,1,1521
GJT,LAX,4,1221
GJT,ORD,6,1731
GJT,PHX,1037,1306
GJT,SLC,1040,1591
GNV,ATL,2064,1398
GPT,ATL,3441,1339
GPT,DFW,1157,1810
GPT,FLL,366,1803
GPT,IAH,1908,1278
GPT,MEM,1088,1178
GPT,ORD,215,1401
GPT,TPA,366,1746
GRB,ATL,93,1229
GRB,CVG,447,1666
GRB,DEN,1,1828
GRB,DSM,1,1342
GRB,DTW,1224,1840
GRB,GTF,1,1324
GRB,MKE,774,1061
GRB,MQT,323,1854
GRB,MSP,1431,1795
GRB,ORD,3634,1035
GRB,SDF,1,1045
GRK,ATL,643,1779
GRK,DFW,2565,1574
GRK,IAH,525,1686
GRR,ATL,1351,1168
GRR,CLE,1147,1519
GRR,CVG,1387,1373
GRR,DCA,307,1322
GRR,DEN,346,1801
GRR,DFW,795,1615
GRR,DTW,2655,1888
GRR,EWR,582,1693
GRR,IAH,714,1115
GRR,LGA,363,1038
GRR,MCO,128,1525
GRR,MEM,362,1022
GRR,MKE,1244,1150
GRR,MKG,23,1496
GRR,MSP,1516,1470
GRR,ORD,3696,1080
GSO,ATL,2848,1861
GSO,BOS,132,1231
GSO,CLE,148,1747
GSO,CLT,987,1813
GSO,CVG,1097,1161
GSO,DFW,1037,1542
GSO,DTW,1245,1250
GSO,EWR,1093,1611
GSO,IAD,208,1848
GSO,IAH,1035,1379
GSO,JAX,1,1065
GSO,LGA,905,1310
GSO,MCO,19,1105
GSO,MEM,1043,1339
GSO,MIA,520,1002
GSO,MSP,365,1702
GSO,ORD,870,1433
GSO,ORF,2,1041
GSO,RDU,3,1840
GSP,ATL,2450,1885
GSP,CLE,510,1238
GSP,CLT,1,1721
GSP,CVG,456,1348
GSP,DFW,1436,1797
GSP,DTW,1238,1118
GSP,EWR,1040,1875
GSP,IAD,828,1344
GSP,IAH,950,1831
GSP,LGA,609,1308
GSP,MCO,90,1433
GSP,MEM,1089,1805
GSP,ORD,1159,1710
GST,JNU,85,1592
GTF,BZN,1,1296
GTF,DEN,869,1867
GTF,MSP,196,1000
GTF,ORD,23,1474
GTF,SLC,1051,1759
GTR,ATL,964,1030
GUC,ATL,2,1070
GUC,DEN,831,1197
GUC,DFW,111,1500
GUC,ORD,2,1099
GUC,SLC,13,1124
HDN,ATL,107,1817
HDN,DEN,1314,1838
HDN,DFW,127,1110
HDN,EWR,15,1597
HDN,IAH,112,1083
HDN,JFK,13,1885
HDN,LGA,15,1205
HDN,MSP,112,1036
HDN,ORD,205,1365
HDN,SLC,378,1823
HHH,ATL,836,1834
HLN,DEN,412,1218
HLN,MSP,365,1539
HLN,SLC,1209,1535
HNL,ANC,236,1454
HNL,ATL,637,1609
HNL,DEN,366,1370
HNL,DFW,732,1529
HNL,EWR,362,1641
HNL,IAH,702,1689
HNL,ITO,7685,1092
HNL,KOA,8745,1820
HNL,LAS,732,1599
HNL,LAX,4963,1310
HNL,LIH,10769,1613
HNL,MSP,366,1403
HNL,OAK,121,1495
HNL,OGG,12014,1279
HNL,ORD,641,1205
HNL,PDX,732,1175
HNL,PHX,914,1111
HNL,SAN,393,1221
HNL,SEA,1643,1223
HNL,SFO,2359,1098
HNL,SJC,366,1884
HNL,SLC,366,1851
HNL,SMF,366,1649
HNL,SNA,66,1317
HOU,ABQ,1023,1195
HOU,ATL,3595,1775
HOU,AUS,2310,1324
HOU,BHM,736,1127
HOU,BNA,1500,1318
HOU,BTR,1,1432
HOU,BWI,1262,1499
HOU,CRP,1932,1245
HOU,DAL,9766,1479
HOU,DEN,1063,1530
HOU,DFW,2425,1671
HOU,ELP,1032,1548
HOU,FLL,723,1352
HOU,HRL,2967,1151
HOU,JAN,1341,1177
HOU,JAX,366,1417
HOU,JFK,944,1426
HOU,LAS,1460,1340
HOU,LAX,1416,1611
HOU,LIT,365,1785
HOU,MAF,676,1802
HOU,MCO,1753,1696
HOU,MDW,2054,1177
HOU,MSY,3726,1191
HOU,OAK,713,1504
HOU,OKC,1366,1325
HOU,PHL,659,1599
HOU,PHX,1722,1408
HOU,SAN,421,1508
HOU,SAT,2572,1533
HOU,STL,1348,1409
HOU,TPA,1396,1601
HOU,TUL,1300,1142
HPN,ATL,2158,1657
HPN,CVG,126,1650
HPN,DTW,666,1006
HPN,EWR,1,1344
HPN,FLL,1021,1252
HPN,JFK,2,1761
HPN,MCO,1485,1478
HPN,ORD,3626,1537
HPN,PBI,1048,1281
HPN,PIA,1,1503
HPN,PIT,1,1634
HPN,RSW,520,1012
HPN,TPA,60,1562
HRL,AUS,366,1069
HRL,DAL,33,1249
HRL,HOU,2949,1792
HRL,IAH,398,1551
HRL,SAT,675,1134
HSV,ATL,2622,1535
HSV,BHM,4,1161
HSV,CLT,13,1554
HSV,CVG,787,1829
HSV,DCA,577,1071
HSV,DEN,653,1407
HSV,DFW,1717,1283
HSV,DTW,702,1439
HSV,IAD,726,1633
HSV,IAH,1043,1001
HSV,LGA,72,1370
HSV,MCO,248,1224
HSV,MEM,1079,1787
HSV,ORD,547,1640
HSV,TUS,1,1399
HTS,CVG,158,1480
IAD,ABQ,365,1876
IAD,ATL,5362,1617
IAD,AUS,631,1083
IAD,BDL,1192,1407
IAD,BHM,245,1214
IAD,BNA,233,1231
IAD,BOS,3846,1652
IAD,BTV,129,1555
IAD,BUF,16,1274
IAD,BUR,163,1104
IAD,CAE,1709,1263
IAD,CHS,710,1189
IAD,CLE,1435,1881
IAD,CLT,2762,1038
IAD,CVG,783,1753
IAD,DAY,52,1745
IAD,DCA,1,1234
IAD,DEN,2984,1170
IAD,DFW,2009,1077
IAD,DTW,1684,1631
IAD,EWR,1790,1598
IAD,FLL,1174,1826
IAD,GSO,207,1515
IAD,GSP,682,1144
IAD,HSV,725,1225
IAD,IAH,1389,1891
IAD,JAX,751,1651
IAD,JFK,2297,1609
IAD,LAS,1623,1422
IAD,LAX,4092,1233
IAD,LGA,1105,1126
IAD,LGB,756,1381
IAD,MCI,313,1203
IAD,MCO,4244,1102
IAD,MDT,984,1106
IAD,MDW,2075,1029
IAD,MHT,585,1031
IAD,MIA,575,1565
IAD,MSP,712,1072
IAD,MSY,413,1175
IAD,MYR,533,1172
IAD,OAK,841,1651
IAD,OKC,319,1127
IAD,ORD,2948,1692
IAD,ORF,956,1251
IAD,PBI,14,1636
IAD,PDX,367,1503
IAD,PHL,607,1303
IAD,PHX,731,1081
IAD,PIT,740,1187
IAD,PVD,511,1130
IAD,PWM,380,1456
IAD,RDU,1679,1276
IAD,ROA,682,1824
IAD,ROC,492,1013
IAD,RSW,14,1753
IAD,SAN,1331,1768
IAD,SAT,111,1412
IAD,SAV,1008,1259
IAD,SEA,1098,1822
IAD,SFO,3139,1781
IAD,SJC,245,1419
IAD,SJU,707,1336
IAD,SLC,524,1006
IAD,SMF,365,1616
IAD,SPI,141,1144
IAD,STT,137,1489
IAD,SYR,653,1654
IAD,TPA,1746,1022
IAD,TUS,112,1686
IAD,TYS,97,1342
IAH,ABQ,2261,1256
IAH,AEX,342,1761
IAH,AGS,1,1577
IAH,AMA,807,1452
IAH,ANC,206,1217
IAH,ATL,4989,1863
IAH,AUS,3704,1373
IAH,AVL,458,1643
IAH,BDL,120,1178
IAH,BHM,2333,1479
IAH,BNA,2547,1114
IAH,BOS,1822,1290
IAH,BPT,275,1370
IAH,BRO,1465,1100
IAH,BTR,2009,1226
IAH,BWI,1728,1839
IAH,CAE,165,1192
IAH,CHA,458,1552
IAH,CHS,73,1420
IAH,CLE,2147,1413
IAH,CLL,261,1875
IAH,CLT,3709,1034
IAH,CMH,839,1095
IAH,COS,1725,1400
IAH,CRP,823,1476
IAH,CRW,674,1270
IAH,CVG,2045,1628
IAH,DAL,3730,1019
IAH,DAY,859,1191
IAH,DCA,2941,1636
IAH,DEN,4584,1254
IAH,DFW,5539,1025
IAH,DSM,688,1047
IAH,DTW,2742,1034
IAH,EGE,124,1883
IAH,ELP,1136,1779
IAH,EWR,3970,1263
IAH,FLL,1933,1118
IAH,GPT,1908,1843
IAH,GRK,525,1548
IAH,GRR,714,1095
IAH,GSO,1036,1151
IAH,GSP,954,1709
IAH,HDN,112,1741
IAH,HNL,702,1242
IAH,HOU,2,1463
IAH,HRL,398,1745
IAH,HSV,1043,1275
IAH,IAD,1422,1545
IAH,ICT,1594,1161
IAH,IND,1763,1341
IAH,JAN,1720,1557
IAH,JAX,1529,1182
IAH,JFK,969,1320
IAH,LAS,2682,1112
IAH,LAX,3867,1872
IAH,LBB,769,1688
IAH,LCH,999,1514
IAH,LEX,646,1849
IAH,LFT,2703,1354
IAH,LGA,3399,1000
IAH,LIT,1111,1148
IAH,LRD,716,1226
IAH,MAF,1187,1634
IAH,MCI,2516,1495
IAH,MCO,2494,1596
IAH,MEM,3046,1861
IAH,MFE,2665,1827
IAH,MGM,246,1794
IAH,MIA,2735,1654
IAH,MKE,1673,1875
IAH,MLU,580,1112
IAH,MOB,1420,1403
IAH,MSP,2466,1773
IAH,MSY,4248,1530
IAH,MTJ,261,1795
IAH,OAK,722,1572
IAH,OKC,2625,1090
IAH,OMA,2098,1143
IAH,ONT,1093,1275
IAH,ORD,5651,1260
IAH,ORF,970,1195
IAH,PBI,1389,1238
IAH,PDX,1271,1752
IAH,PHL,1732,1017
IAH,PHX,4176,1669
IAH,PIT,1713,1860
IAH,PNS,635,1635
IAH,PSP,216,1145
IAH,RDU,1987,1295
IAH,RIC,970,1617
IAH,RNO,428,1618
IAH,RSW,1064,1888
IAH,SAN,2392,1439
IAH,SAT,3760,1285
IAH,SAV,948,1460
IAH,SDF,396,1603
IAH,SEA,2393,1756
IAH,SFO,2655,1821
IAH,SHV,1017,1758
IAH,SJC,995,1568
IAH,SJU,732,1221
IAH,SLC,2696,1077
IAH,SMF,1085,1149
IAH,SNA,1873,1070
IAH,SRQ,70,1144
IAH,STL,736,1295
IAH,TLH,481,1334
IAH,TPA,1963,1857
IAH,TUL,2310,1580
IAH,TUS,1670,1103
IAH,TYS,1353,1053
IAH,VPS,420,1067
IAH,XNA,1435,1118
ICT,ATL,3146,1510
ICT,CID,1,1710
ICT,COS,1,1805
ICT,DEN,1578,1028
ICT,DFW,1794,1084
ICT,DTW,241,1569
ICT,IAH,1594,1207
ICT,LAX,184,1680
ICT,MCI,1,1679
ICT,MEM,1092,1301
ICT,MSP,714,1238
ICT,MSY,1,1427
ICT,OKC,2,1069
ICT,ORD,3005,1322
ICT,PHX,692,1319
ICT,PIA,1,1222
ICT,SGF,1,1553
ICT,SLC,1,1768
ICT,STL,1,1389
IDA,DEN,980,1677
IDA,MSP,336,1809
IDA,SLC,1787,1326
ILM,ATL,1991,1297
ILM,CLT,1259,1863
ILM,CVG,146,1269
ILM,RDU,1,1588
IND,ATL,3515,1872
IND,AUS,218,1398
IND,BDL,587,1838
IND,BOS,950,1598
IND,BWI,1003,1133
IND,CLE,635,1018
IND,CLT,1587,1009
IND,CVG,507,1840
IND,DCA,968,1547
IND,DEN,2089,1523
IND,DFW,2087,1810
IND,DTW,2558,1241
IND,EWR,1717,1177
IND,FLL,578,1611
IND,IAH,1275,1675
IND,JAX,366,1593
IND,JFK,117,1144
IND,LAS,1675,1497
IND,LAX,548,1648
IND,LGA,1331,1536
IND,MCI,1069,1046
IND,MCO,2298,1639
IND,MDW,1333,1708
IND,MEM,1066,1003
IND,MIA,213,1280
IND,MKE,738,1117
IND,MSP,1700,1486
IND,MSY,10,1019
IND,ORD,4102,1266
IND,PHL,495,1357
IND,PHX,1457,1585
IND,PIT,1,1626
IND,RDU,673,1379
IND,RSW,1057,1768
IND,SAT,236,1422
IND,SEA,75,1409
IND,SFO,173,1135
IND,SRQ,155,1812
IND,TPA,1587,1684
IND,XNA,1,1830
INL,MSP,72,1646
IPL,LAX,646,1147
IPL,YUM,343,1619
ISP,ATL,215,1226
ISP,BWI,2438,1807
ISP,FLL,1087,1077
ISP,LAS,366,1012
ISP,MCO,2105,1546
ISP,MDW,1427,1491
ISP,PBI,1090,1869
ISP,RSW,375,1810
ISP,TPA,1080,1820
ITH,DTW,132,1381
ITO,HNL,7386,1048
ITO,KOA,299,1803
ITO,OGG,366,1192
IYK,BFL,1,1495
IYK,LAX,956,1507
IYK,PSP,1,1294
JAC,ATL,118,1287
JAC,CVG,13,1308
JAC,DEN,1443,1005
JAC,DFW,214,1874
JAC,IDA,1,1377
JAC,LAX,15,1859
JAC,MSP,117,1107
JAC,ORD,360,1638
JAC,SLC,1485,1452
JAN,ATL,2704,1456
JAN,BWI,666,1158
JAN,CVG,121,1757
JAN,DCA,293,1249
JAN,DFW,2605,1284
JAN,DTW,689,1067
JAN,EWR,121,1022
JAN,HOU,1345,1149
JAN,IAH,1721,1829
JAN,MCO,381,1815
JAN,MDW,677,1763
JAN,MEM,1075,1655
JAN,ORD,211,1350
JAX,ATL,5656,1195
JAX,AUS,229,1782
JAX,BHM,366,1416
JAX,BNA,1373,1280
JAX,BOS,652,1159
JAX,BWI,1066,1161
JAX,CLE,144,1521
JAX,CLT,2520,1039
JAX,CVG,1110,1272
JAX,DCA,896,1646
JAX,DEN,118,1684
JAX,DFW,1366,1790
JAX,DTW,508,1107
JAX,EWR,1581,1137
JAX,FLL,1809,1276
JAX,HOU,366,1278
JAX,IAD,743,1376
JAX,IAH,1541,1463
JAX,IND,366,1353
JAX,JFK,1068,1018
JAX,LAS,236,1300
JAX,LAX,3,1711
JAX,LGA,1294,1268
JAX,MCI,226,1003
JAX,MEM,871,1457
JAX,MIA,218,1271
JAX,MSP,200,1550
JAX,MSY,470,1008
JAX,ORD,1704,1039
JAX,ORF,712,1002
JAX,PHL,1657,1364
JAX,PIR,2,1498
JAX,RDU,596,1667
JAX,TPA,1017,1765
JAX,TYS,1,1235
JFK,ACK,234,1839
JFK,ALB,364,1369
JFK,ATL,2279,1856
JFK,AUS,1356,1816
JFK,BDL,631,1823
JFK,BGR,338,1580
JFK,BNA,463,1449
JFK,BOS,7513,1787
JFK,BQN,661,1346
JFK,BTV,2207,1475
JFK,BUF,3674,1426
JFK,BUR,1366,1237
JFK,BWI,1123,1660
JFK,CHS,1,1162
JFK,CLE,1392,1569
JFK,CLT,1833,1206
JFK,CMH,571,1621
JFK,CVG,1346,1839
JFK,DCA,2941,1515
JFK,DEN,1082,1220
JFK,DFW,834,1130
JFK,DTW,1848,1165
JFK,EGE,14,1502
JFK,FLL,4696,1481
JFK,HDN,13,1622
JFK,HOU,943,1584
JFK,HPN,1,1340
JFK,IAD,2299,1304
JFK,IAH,972,1766
JFK,IND,125,1764
JFK,JAX,1067,1612
JFK,LAS,4471,1735
JFK,LAX,8078,1311
JFK,LGA,2,1085
JFK,LGB,1541,1110
JFK,MCO,5373,1460
JFK,MIA,2737,1347
JFK,MSP,1441,1175
JFK,MSY,1070,1204
JFK,OAK,1177,1152
JFK,ONT,247,1606
JFK,ORD,3672,1341
JFK,ORF,277,1863
JFK,PBI,2534,1647
JFK,PDX,680,1608
JFK,PHL,587,1578
JFK,PHX,2254,1857
JFK,PIT,2244,1808
JFK,PSE,346,1729
JFK,PVD,603,1730
JFK,PWM,1824,1663
JFK,RDU,4149,1672
JFK,RIC,1694,1308
JFK,ROC,2425,1189
JFK,RSW,1893,1489
JFK,SAN,1630,1719
JFK,SEA,1855,1176
JFK,SFO,6591,1588
JFK,SJC,480,1019
JFK,SJU,3565,1247
JFK,SLC,1795,1309
JFK,SMF,341,1818
JFK,SRQ,534,1607
JFK,STL,795,1023
JFK,STT,366,1141
JFK,SYR,1824,1384
JFK,TPA,3390,1887
JFK,TUS,132,1229
JNU,ANC,1163,1793
JNU,GST,85,1314
JNU,KTN,364,1830
JNU,PSG,363,1288
JNU,SEA,1209,1376
JNU,SIT,863,1297
JNU,YAK,363,1879
KOA,DEN,45,1886
KOA,HNL,9038,1631
KOA,LAX,1040,1593
KOA,LIH,55,1006
KOA,OAK,4,1526
KOA,OGG,793,1261
KOA,ORD,221,1495
KOA,PHX,330,1752
KOA,SAN,23,1430
KOA,SEA,411,1169
KOA,SFO,713,1192
KOA,SNA,37,1035
KTN,JNU,362,1012
KTN,SEA,1289,1524
KTN,SIT,365,1487
KTN,WRG,364,1299
LAN,CVG,486,1894
LAN,DTW,1641,1803
LAN,MSP,157,1700
LAN,ORD,1409,1692
LAS,ABQ,2408,1268
LAS,ALB,366,1429
LAS,AMA,367,1495
LAS,ANC,238,1239
LAS,ATL,4761,1762
LAS,AUS,1232,1361
LAS,BDL,366,1049
LAS,BFL,102,1014
LAS,BHM,366,1572
LAS,BMI,51,1824
LAS,BNA,1201,1855
LAS,BOI,755,1074
LAS,BOS,1383,1775
LAS,BUF,588,1604
LAS,BUR,5154,1687
LAS,BWI,1628,1652
LAS,CAK,43,1477
LAS,CLE,1667,1220
LAS,CLT,1730,1170
LAS,CMH,1351,1072
LAS,COS,98,1063
LAS,CVG,920,1219
LAS,DAY,42,1637
LAS,DCA,366,1374
LAS,DEN,8165,1545
LAS,DFW,4959,1130
LAS,DTW,2036,1346
LAS,ELP,1042,1490
LAS,EUG,162,1479
LAS,EWR,2341,1869
LAS,FAT,2101,1440
LAS,FLL,677,1806
LAS,FNT,91,1861
LAS,GEG,753,1119
LAS,HNL,732,1805
LAS,HOU,1461,1348
LAS,IAD,1625,1349
LAS,IAH,2678,1119
LAS,IND,1674,1719
LAS,ISP,366,1476
LAS,JAX,236,1674
LAS,JFK,4481,1106
LAS,LAX,11729,1343
LAS,LBB,366,1106
LAS,LGB,854,1446
LAS,LIT,382,1154
LAS,MAF,366,1427
LAS,MCI,1913,1402
LAS,MCO,1076,1042
LAS,MDW,3836,1739
LAS,MEM,373,1175
LAS,MFR,139,1226
LAS,MHT,365,1256
LAS,MIA,787,1257
LAS,MKE,530,1646
LAS,MLI,50,1417
LAS,MRY,14,1135
LAS,MSP,2464,1047
LAS,MSY,726,1105
LAS,OAK,4693,1407
LAS,OKC,471,1602
LAS,OMA,1088,1616
LAS,ONT,3501,1169
LAS,ORD,5235,1549
LAS,ORF,365,1787
LAS,PBI,62,1105
LAS,PDX,3568,1691
LAS,PHL,2829,1024
LAS,PHX,10626,1140
LAS,PIT,1411,1280
LAS,PSP,1280,1774
LAS,PVD,365,1479
LAS,RDU,724,1509
LAS,RNO,4492,1798
LAS,ROC,83,1209
LAS,SAN,5895,1511
LAS,SAT,1573,1434
LAS,SBA,305,1166
LAS,SBP,128,1771
LAS,SDF,366,1151
LAS,SEA,5065,1704
LAS,SFO,6994,1263
LAS,SJC,4148,1608
LAS,SLC,5378,1777
LAS,SMF,4054,1388
LAS,SNA,4115,1710
LAS,STL,1647,1582
LAS,TPA,1175,1406
LAS,TUL,390,1843
LAS,TUS,2018,1224
LAS,YUM,99,1054
LAW,ATL,543,1339
LAW,DFW,1826,1593
LAX,ABQ,2415,1116
LAX,ANC,239,1282
LAX,ASE,324,1877
LAX,ATL,5402,1317
LAX,AUS,1732,1276
LAX,BDL,132,1178
LAX,BFL,902,1801
LAX,BNA,1418,1593
LAX,BOI,985,1305
LAX,BOS,2441,1721
LAX,BWI,897,1742
LAX,BZN,13,1424
LAX,CLD,2258,1478
LAX,CLE,1053,1662
LAX,CLT,1460,1135
LAX,CMH,49,1204
LAX,COS,994,1019
LAX,CVG,1144,1302
LAX,DCA,366,1043
LAX,DEN,8894,1207
LAX,DFW,6571,1340
LAX,DSM,177,1764
LAX,DTW,1972,1517
LAX,EGE,107,1037
LAX,ELP,1076,1607
LAX,EUG,305,1365
LAX,EWR,3249,1402
LAX,FAT,4045,1728
LAX,FLL,373,1535
LAX,GEG,428,1639
LAX,GJT,8,1354
LAX,HNL,4964,1190
LAX,HOU,1426,1796
LAX,IAD,3836,1032
LAX,IAH,3849,1618
LAX,ICT,186,1239
LAX,IND,548,1375
LAX,IPL,660,1017
LAX,IYK,954,1678
LAX,JAC,15,1834
LAX,JAX,2,1135
LAX,JFK,8058,1199
LAX,KOA,1038,1796
LAX,LAS,11773,1699
LAX,LIH,1067,1509
LAX,MCI,1338,1140
LAX,MCO,1725,1599
LAX,MDW,2388,1495
LAX,MEM,729,1448
LAX,MFR,1,1671
LAX,MIA,2495,1149
LAX,MKE,355,1444
LAX,MOD,659,1751
LAX,MRY,2763,1681
LAX,MSP,2392,1762
LAX,MSY,930,1697
LAX,MTJ,18,1261
LAX,OAK,7583,1701
LAX,OGG,2054,1794
LAX,OKC,501,1200
LAX,ONT,24,1239
LAX,ORD,7333,1684
LAX,OXR,1291,1726
LAX,PDX,3503,1646
LAX,PHL,2246,1766
LAX,PHX,9897,1843
LAX,PIT,373,1413
LAX,PSP,2596,1403
LAX,RDU,8,1183
LAX,RNO,1898,1195
LAX,RSW,1,1669
LAX,SAN,11257,1047
LAX,SAT,1781,1735
LAX,SBA,4554,1670
LAX,SBP,2684,1049
LAX,SEA,6876,1379
LAX,SFO,13390,1662
LAX,SGU,722,1389
LAX,SJC,8908,1093
LAX,SJU,144,1488
LAX,SLC,5178,1322
LAX,SMF,5692,1586
LAX,SMX,1679,1474
LAX,SNA,32,1269
LAX,STL,1686,1259
LAX,TPA,516,1205
LAX,TUL,73,1773
LAX,TUS,4141,1544
LAX,XNA,359,1588
LAX,YUM,1030,1044
LBB,ABQ,366,1339
LBB,AUS,690,1523
LBB,DAL,2679,1355
LBB,DFW,3015,1340
LBB,ELP,364,1784
LBB,IAH,769,1669
LBB,LAS,366,1259
LCH,IAH,1000,1857
LEX,ATL,2217,1584
LEX,CLE,14,1299
LEX,COS,1,1837
LEX,CVG,1539,1468
LEX,DAY,1,1790
LEX,DCA,304,1885
LEX,DFW,907,1383
LEX,DTW,1656,1253
LEX,EWR,390,1890
LEX,IAH,646,1825
LEX,LGA,411,1260
LEX,MCO,39,1083
LEX,MEM,252,1879
LEX,ORD,1967,1603
LFT,ATL,995,1857
LFT,DFW,1182,1811
LFT,IAH,2702,1281
LGA,AGS,7,1229
LGA,ATL,10507,1281
LGA,BHM,591,1086
LGA,BNA,1217,1598
LGA,BOS,12035,1202
LGA,CAE,609,1848
LGA,CAK,793,1782
LGA,CHS,1414,1714
LGA,CID,156,1730
LGA,CLE,2920,1874
LGA,CLT,4958,1660
LGA,CMH,2350,1690
LGA,CVG,3635,1674
LGA,DAB,159,1107
LGA,DCA,11063,1492
LGA,DEN,2970,1127
LGA,DFW,5372,1750
LGA,DSM,705,1063
LGA,DTW,4601,1212
LGA,EGE,16,1766
LGA,FLL,3152,1521
LGA,FNT,392,1162
LGA,GRR,363,1459
LGA,GSO,927,1313
LGA,GSP,609,1501
LGA,HDN,15,1442
LGA,HSV,69,1359
LGA,IAD,1103,1843
LGA,IAH,3418,1123
LGA,IND,1331,1151
LGA,JAX,1285,1393
LGA,LEX,415,1350
LGA,MCO,3158,1332
LGA,MEM,1605,1693
LGA,MIA,3586,1599
LGA,MKE,592,1545
LGA,MLB,2,1648
LGA,MSN,620,1210
LGA,MSP,2719,1347
LGA,MSY,512,1512
LGA,MYR,123,1165
LGA,ORD,10862,1887
LGA,PBI,1934,1706
LGA,PHF,770,1740
LGA,PHL,1,1071
LGA,PIT,1297,1436
LGA,RDU,4423,1138
LGA,RIC,1336,1426
LGA,RSW,238,1444
LGA,SAV,995,1239
LGA,SDF,571,1313
LGA,SLC,24,1063
LGA,SRQ,74,1797
LGA,STL,1604,1696
LGA,STT,9,1571
LGA,TPA,1464,1659
LGA,TVC,50,1774
LGA,TYS,642,1363
LGA,VPS,2,1681
LGA,XNA,765,1550
LGB,AUS,245,1434
LGB,BOS,789,1537
LGB,FAT,431,1320
LGB,FLL,332,1057
LGB,GEG,1,1729
LGB,IAD,756,1350
LGB,JFK,1544,1389
LGB,LAS,853,1877
LGB,MRY,436,1443
LGB,OAK,1631,1438
LGB,ONT,1,1545
LGB,ORD,600,1246
LGB,PDX,142,1350
LGB,PHX,1623,1741
LGB,RNO,459,1268
LGB,SEA,1499,1889
LGB,SFO,210,1168
LGB,SJC,661,1488
LGB,SLC,2500,1771
LGB,SMF,729,1197
LGB,TWF,1,1773
LIH,DEN,45,1483
LIH,HNL,10407,1764
LIH,KOA,54,1844
LIH,LAX,1069,1626
LIH,OGG,426,1898
LIH,PHX,280,1338
LIH,SAN,31,1796
LIH,SEA,366,1246
LIH,SFO,483,1808
LIH,SNA,23,1328
LIT,ATL,2526,1632
LIT,BWI,366,1401
LIT,CLT,39,1877
LIT,CVG,49,1194
LIT,DAL,2327,1074
LIT,DEN,118,1826
LIT,DFW,3245,1536
LIT,DTW,361,1037
LIT,EWR,331,1831
LIT,HOU,365,1378
LIT,IAH,1103,1713
LIT,LAS,382,1026
LIT,MCO,1,1385
LIT,MDW,383,1781
LIT,MEM,887,1817
LIT,MSP,157,1116
LIT,ORD,1806,1504
LIT,PHX,235,1109
LIT,SAT,1,1466
LIT,SLC,18,1302
LIT,STL,669,1553
LMT,MFR,1,1117
LMT,PDX,162,1667
LMT,SFO,348,1308
LNK,ABE,1,1356
LNK,CRW,1,1300
LNK,DEN,1204,1552
LNK,DTW,320,1199
LNK,LAN,1,1114
LNK,MSP,106,1108
LNK,ORD,1403,1836
LNK,PIA,1,1106
LRD,DFW,1401,1310
LRD,IAH,714,1063
LSE,MSP,434,1762
LSE,ORD,1571,1542
LWB,ATL,185,1803
LWS,BOI,1,1422
LWS,IDA,1,1541
LWS,SLC,650,1454
LYH,ATL,625,1564
MAF,ABQ,366,1257
MAF,AUS,471,1771
MAF,DAL,1995,1455
MAF,DFW,1778,1518
MAF,HOU,676,1342
MAF,IAH,1187,1545
MAF,LAS,366,1674
MBS,DTW,1460,1140
MBS,MSP,117,1230
MBS,ORD,1341,1010
MCI,ABQ,670,1028
MCI,ATL,4140,1401
MCI,AUS,459,1034
MCI,BNA,1317,1250
MCI,BWI,1025,1781
MCI,CLE,1219,1632
MCI,CLT,1182,1632
MCI,CMH,164,1409
MCI,COS,178,1830
MCI,CVG,1491,1045
MCI,DAL,3943,1722
MCI,DEN,5256,1049
MCI,DFW,2877,1685
MCI,DTW,1252,1622
MCI,EWR,1799,1049
MCI,FLL,60,1450
MCI,IAD,227,1837
MCI,IAH,2527,1133
MCI,ICT,1,1169
MCI,IND,1074,1660
MCI,JAX,229,1604
MCI,LAS,1926,1619
MCI,LAX,1331,1393
MCI,LNK,1,1665
MCI,MCO,1349,1335
MCI,MDW,3850,1538
MCI,MEM,1005,1748
MCI,MGM,1,1325
MCI,MIA,65,1029
MCI,MKE,3,1839
MCI,MSN,250,1244
MCI,MSP,2136,1486
MCI,MSY,462,1536
MCI,OAK,686,1150
MCI,OKC,1128,1889
MCI,OMA,3,1042
MCI,ONT,301,1010
MCI,ORD,3837,1428
MCI,PDX,366,1520
MCI,PHX,2165,1723
MCI,PIT,266,1218
MCI,RDU,652,1416
MCI,RSW,5,1228
MCI,SAN,689,1186
MCI,SAT,577,1268
MCI,SEA,365,1696
MCI,SLC,1054,1330
MCI,SMF,306,1125
MCI,STL,1763,1458
MCI,TPA,695,1408
MCI,TUL,810,1458
MCI,TUS,233,1017
MCN,ATL,652,1846
MCO,ABQ,726,1727
MCO,ALB,1040,1641
MCO,ATL,9611,1760
MCO,AUS,632,1734
MCO,AVL,47,1250
MCO,BDL,1758,1316
MCO,BHM,1214,1087
MCO,BMI,173,1242
MCO,BNA,1782,1061
MCO,BOS,3478,1347
MCO,BQN,492,1317
MCO,BTV,346,1514
MCO,BUF,1877,1261
MCO,BWI,4926,1405
MCO,CAK,371,1592
MCO,CLE,1909,1203
MCO,CLT,3276,1877
MCO,CMH,1165,1136
MCO,CVG,1304,1000
MCO,DAY,416,1852
MCO,DCA,1845,1522
MCO,DEN,2997,1565
MCO,DFW,4114,1639
MCO,DTW,3477,1570
MCO,EWR,4977,1536
MCO,EYW,35,1087
MCO,FLL,2074,1280
MCO,FNT,455,1762
MCO,GRR,128,1345
MCO,GSO,11,1534
MCO,GSP,90,1015
MCO,HOU,1758,1203
MCO,HPN,1484,1621
MCO,HSV,248,1545
MCO,IAD,4094,1146
MCO,IAH,2499,1448
MCO,IND,2306,1109
MCO,ISP,2110,1553
MCO,JAN,381,1773
MCO,JAX,2,1413
MCO,JFK,5371,1427
MCO,LAS,1077,1752
MCO,LAX,1725,1420
MCO,LEX,39,1294
MCO,LGA,3156,1012
MCO,LIT,1,1531
MCO,MCI,1349,1802
MCO,MDT,42,1394
MCO,MDW,3565,1575
MCO,MEM,1434,1741
MCO,MHT,1606,1271
MCO,MIA,2195,1054
MCO,MKE,831,1423
MCO,MLI,172,1238
MCO,MSP,1929,1503
MCO,MSY,1568,1438
MCO,OKC,9,1430
MCO,OMA,9,1506
MCO,ORD,3978,1529
MCO,ORF,755,1195
MCO,PBI,1,1654
MCO,PDX,237,1526
MCO,PFN,195,1809
MCO,PHF,362,1155
MCO,PHL,7034,1185
MCO,PHX,1038,1618
MCO,PIT,2465,1677
MCO,PNS,365,1384
MCO,PSE,347,1384
MCO,PVD,2149,1380
MCO,PWM,460,1644
MCO,RDU,1655,1744
MCO,RIC,517,1707
MCO,ROC,701,1551
MCO,RSW,1414,1886
MCO,SAN,13,1216
MCO,SAT,744,1085
MCO,SDF,533,1144
MCO,SEA,731,1360
MCO,SFO,366,1793
MCO,SJU,2420,1784
MCO,SLC,685,1228
MCO,STL,2422,1007
MCO,SWF,834,1320
MCO,SYR,390,1662
MCO,TLH,219,1791
MCO,TPA,1,1835
MCO,TUL,9,1486
MCO,TYS,126,1598
MDT,ATL,1789,1602
MDT,AVP,1,1436
MDT,BWI,1,1414
MDT,CLE,58,1897
MDT,CLT,1144,1115
MDT,CVG,1008,1712
MDT,DCA,1,1562
MDT,DFW,274,1719
MDT,DTW,542,1244
MDT,IAD,937,1440
MDT,LGA,2,1072
MDT,MCO,42,1537
MDT,MSP,197,1465
MDT,ORD,1598,1805
MDW,ABQ,730,1552
MDW,ALB,729,1511
MDW,ATL,3257,1391
MDW,AUS,713,1571
MDW,BDL,1052,1118
MDW,BHM,726,1889
MDW,BNA,3016,1573
MDW,BOS,345,1603
MDW,BUF,1278,1170
MDW,BWI,2776,1071
MDW,CLE,2556,1577
MDW,CLT,13,1732
MDW,CMH,2644,1096
MDW,DEN,4325,1425
MDW,DTW,3070,1016
MDW,EWR,278,1854
MDW,FLL,1621,1758
MDW,HOU,2052,1150
MDW,IAD,2065,1460
MDW,IND,1314,1580
MDW,ISP,1422,1047
MDW,JAN,682,1167
MDW,LAS,3832,1116
MDW,LAX,2390,1312
MDW,LIT,383,1306
MDW,MCI,3885,1143
MDW,MCO,3568,1304
MDW,MHT,1649,1042
MDW,MIA,133,1696
MDW,MSP,1476,1637
MDW,MSY,391,1602
MDW,OAK,1719,1169
MDW,OMA,2047,1083
MDW,ORF,731,1720
MDW,PDX,891,1888
MDW,PHL,2664,1519
MDW,PHX,2800,1858
MDW,PIT,2037,1202
MDW,PVD,1380,1548
MDW,RDU,1353,1209
MDW,RNO,365,1660
MDW,RSW,1095,1856
MDW,SAN,1708,1256
MDW,SAT,700,1391
MDW,SDF,1690,1074
MDW,SEA,1331,1400
MDW,SFO,1083,1675
MDW,SJC,658,1658
MDW,SLC,1003,1418
MDW,SMF,686,1775
MDW,SRQ,565,1210
MDW,STL,3784,1235
MDW,TPA,2231,1362
MDW,TUS,727,1686
MEI,ATL,674,1691
MEM,ATL,4870,1524
MEM,AUS,835,1859
MEM,BDL,49,1105
MEM,BHM,891,1626
MEM,BNA,1024,1128
MEM,BOS,199,1261
MEM,BTR,998,1298
MEM,BWI,783,1894
MEM,CAE,706,1529
MEM,CHA,629,1768
MEM,CHS,709,1537
MEM,CLE,1205,1360
MEM,CLT,2576,1410
MEM,CMH,1072,1649
MEM,COS,117,1030
MEM,CVG,1225,1374
MEM,DCA,1043,1101
MEM,DEN,1731,1196
MEM,DFW,2458,1009
MEM,DSM,813,1328
MEM,DTW,2205,1414
MEM,EVV,904,1711
MEM,EWR,1170,1488
MEM,FLL,479,1570
MEM,FSM,479,1568
MEM,GPT,1088,1360
MEM,GRR,362,1758
MEM,GSO,1043,1120
MEM,GSP,1088,1677
MEM,HSV,1083,1385
MEM,IAH,3079,1847
MEM,ICT,1093,1688
MEM,IND,1058,1867
MEM,JAN,1082,1180
MEM,JAX,871,1737
MEM,LAS,372,1370
MEM,LAX,1095,1018
MEM,LEX,252,1669
MEM,LGA,1608,1535
MEM,LIT,886,1479
MEM,MCI,981,1173
MEM,MCO,1432,1300
MEM,MGM,1091,1161
MEM,MIA,785,1881
MEM,MKE,744,1631
MEM,MLI,668,1628
MEM,MOB,1094,1208
MEM,MSN,359,1029
MEM,MSP,2845,1492
MEM,MSY,1004,1467
MEM,OKC,940,1338
MEM,OMA,749,1892
MEM,ORD,3769,1428
MEM,ORF,241,1886
MEM,PFN,1095,1417
MEM,PHL,1039,1808
MEM,PHX,817,1692
MEM,PIT,1002,1647
MEM,PNS,1097,1015
MEM,RDU,1062,1019
MEM,RIC,292,1626
MEM,RSW,58,1313
MEM,SAN,109,1158
MEM,SAT,831,1795
MEM,SAV,765,1663
MEM,SDF,786,1330
MEM,SEA,349,1119
MEM,SFO,208,1418
MEM,SGF,1080,1175
MEM,SHV,1094,1637
MEM,SJU,26,1451
MEM,STL,1049,1065
MEM,TLH,1094,1309
MEM,TPA,861,1530
MEM,TRI,44,1092
MEM,TUL,1094,1172
MEM,TYS,1096,1071
MEM,VPS,1045,1746
MEM,XNA,1041,1312
MFE,ATL,10,1186
MFE,DFW,1441,1843
MFE,IAH,2665,1695
MFR,DEN,365,1741
MFR,LAS,139,1453
MFR,MOD,1,1380
MFR,OTH,1,1363
MFR,PDX,1543,1593
MFR,PHX,304,1815
MFR,RDD,1,1728
MFR,RDM,1,1877
MFR,SBA,1,1858
MFR,SFO,2571,1740
MFR,SLC,724,1898
MFR,TWF,1,1678
MGM,ATL,2514,1822
MGM,IAH,246,1637
MGM,MEM,1091,1459
MHT,ATL,696,1022
MHT,BOS,4,1274
MHT,BWI,3628,1612
MHT,CLE,1212,1397
MHT,CLT,723,1525
MHT,CVG,777,1452
MHT,DCA,288,1201
MHT,DTW,846,1023
MHT,EWR,1353,1298
MHT,FLL,246,1652
MHT,IAD,584,1798
MHT,LAS,366,1444
MHT,MCO,1605,1386
MHT,MDW,1643,1004
MHT,ORD,1145,1769
MHT,PHL,2365,1054
MHT,PHX,365,1650
MHT,TPA,742,1052
MIA,ATL,6623,1001
MIA,BDL,366,1194
MIA,BNA,731,1688
MIA,BOS,2193,1478
MIA,BWI,929,1764
MIA,CLE,399,1871
MIA,CLT,2970,1767
MIA,CMH,470,1887
MIA,CVG,1045,1398
MIA,DCA,2982,1292
MIA,DEN,809,1824
MIA,DFW,3346,1548
MIA,DTW,1228,1577
MIA,EGE,43,1081
MIA,EWR,2873,1886
MIA,FLL,1,1791
MIA,GSO,519,1800
MIA,IAD,574,1027
MIA,IAH,2734,1201
MIA,IND,211,1275
MIA,JAX,217,1671
MIA,JFK,2743,1458
MIA,LAS,787,1176
MIA,LAX,2494,1844
MIA,LGA,3587,1714
MIA,MCI,65,1035
MIA,MCO,2195,1102
MIA,MDW,133,1493
MIA,MEM,785,1619
MIA,MSP,907,1467
MIA,MSY,1098,1272
MIA,ORD,3343,1223
MIA,ORF,152,1133
MIA,PHL,2203,1545
MIA,PHX,366,1020
MIA,PIT,174,1778
MIA,RDU,1098,1631
MIA,RIC,151,1266
MIA,SDF,365,1068
MIA,SEA,366,1498
MIA,SFO,1097,1773
MIA,SJU,2559,1697
MIA,STL,732,1309
MIA,STT,732,1875
MIA,STX,349,1159
MIA,TLH,832,1504
MIA,TPA,1829,1467
MIA,XNA,154,1769
MKE,ABE,1,1316
MKE,ATL,3606,1196
MKE,ATW,1030,1723
MKE,AVP,1,1855
MKE,BDL,539,1113
MKE,BHM,1,1226
MKE,BNA,771,1251
MKE,BOS,208,1121
MKE,BWI,1293,1215
MKE,CLE,2226,1273
MKE,CLT,245,1883
MKE,CMH,1054,1836
MKE,CVG,840,1099
MKE,CWA,285,1416
MKE,DAY,608,1434
MKE,DCA,122,1740
MKE,DEN,1449,1195
MKE,DFW,747,1263
MKE,DSM,723,1770
MKE,DTW,1905,1477
MKE,EWR,2524,1371
MKE,FAR,1,1170
MKE,FLL,43,1500
MKE,FNT,839,1726
MKE,GRB,774,1445
MKE,GRR,1244,1730
MKE,IAH,1671,1529
MKE,IND,738,1427
MKE,LAS,531,1368
MKE,LAX,355,1557
MKE,LGA,590,1736
MKE,MCI,2,1085
MKE,MCO,830,1378
MKE,MEM,734,1891
MKE,MKG,264,1851
MKE,MQT,357,1109
MKE,MSN,1294,1354
MKE,MSP,3464,1030
MKE,OMA,703,1821
MKE,ORD,3541,1390
MKE,PHL,775,1120
MKE,PHX,867,1825
MKE,PIT,1082,1055
MKE,RDU,490,1748
MKE,RSW,226,1310
MKE,SAN,106,1480
MKE,SDF,258,1324
MKE,SEA,122,1448
MKE,SFO,115,1338
MKE,SLC,6,1262
MKE,STL,320,1380
MKE,TPA,178,1376
MKE,TUS,2,1329
MKG,FNT,109,1147
MKG,GRR,24,1720
MKG,MKE,263,1408
MLB,ATL,2000,1726
MLB,LGA,2,1391
MLI,ATL,2592,1283
MLI,DEN,719,1095
MLI,DFW,587,1714
MLI,DTW,755,1142
MLI,LAS,51,1646
MLI,MCO,172,1890
MLI,MEM,669,1419
MLI,MSP,442,1044
MLI,ORD,2580,1080
MLU,ATL,983,1644
MLU,DFW,966,1188
MLU,IAH,581,1326
MOB,ATL,2225,1624
MOB,DFW,1399,1138
MOB,IAH,1420,1184
MOB,MEM,1094,1323
MOB,ORD,210,1878
MOD,BFL,1,1043
MOD,LAX,679,1750
MOD,ONT,1,1074
MOD,RNO,1,1448
MOD,SFO,1643,1510
MOT,MSP,1085,1214
MQT,GRB,322,1492
MQT,MKE,356,1312
MQT,ORD,313,1573
MRY,DEN,365,1068
MRY,LAS,14,1791
MRY,LAX,2758,1508
MRY,LGB,435,1770
MRY,ONT,246,1145
MRY,PHX,910,1548
MRY,SAN,445,1539
MRY,SFO,2428,1335
MRY,SLC,6,1149
MSN,ATL,384,1088
MSN,ATW,1,1591
MSN,CLE,317,1332
MSN,CVG,259,1040
MSN,DCA,287,1040
MSN,DEN,943,1098
MSN,DFW,947,1596
MSN,DSM,1,1159
MSN,DTW,1603,1104
MSN,EWR,313,1683
MSN,LGA,622,1485
MSN,MCI,249,1427
MSN,MEM,359,1000
MSN,MKE,1293,1808
MSN,MSP,1439,1107
MSN,ORD,4943,1782
MSN,RFD,1,1557
MSO,DEN,1107,1464
MSO,MSP,189,1393
MSO,ORD,105,1589
MSO,PIH,2,1716
MSO,SFO,12,1878
MSO,SLC,1841,1858
MSP,ABQ,677,1122
MSP,ALB,57,1365
MSP,ALO,323,1678
MSP,ANC,826,1343
MSP,ATL,5369,1831
MSP,ATW,89,1850
MSP,AUS,54,1450
MSP,AVL,364,1508
MSP,AZO,246,1896
MSP,BDL,933,1424
MSP,BGR,11,1807
MSP,BIL,820,1596
MSP,BIS,1052,1281
MSP,BJI,74,1070
MSP,BNA,781,1177
MSP,BOI,807,1889
MSP,BOS,1563,1386
MSP,BTV,75,1390
MSP,BUF,229,1288
MSP,BWI,1017,1657
MSP,BZN,878,1896
MSP,CHS,27,1373
MSP,CID,412,1649
MSP,CLE,1876,1184
MSP,CLT,1814,1433
MSP,CMH,1076,1479
MSP,CMX,318,1838
MSP,COS,449,1370
MSP,CPR,31,1682
MSP,CVG,1760,1615
MSP,CWA,13,1787
MSP,DAY,692,1436
MSP,DCA,2194,1377
MSP,DEN,5374,1667
MSP,DFW,2851,1517
MSP,DLH,1290,1001
MSP,DSM,929,1743
MSP,DTW,5459,1555
MSP,EGE,112,1771
MSP,EWR,3144,1226
MSP,FAI,205,1816
MSP,FAR,1744,1678
MSP,FCA,209,1888
MSP,FLL,475,1279
MSP,FNT,355,1630
MSP,FSD,1925,1386
MSP,FWA,242,1876
MSP,GEG,826,1122
MSP,GFK,1371,1404
MSP,GRB,1408,1780
MSP,GRR,1645,1389
MSP,GSO,365,1891
MSP,GTF,195,1747
MSP,HDN,112,1833
MSP,HLN,365,1447
MSP,HNL,366,1197
MSP,IAD,710,1519
MSP,IAH,2451,1030
MSP,ICT,714,1230
MSP,IDA,336,1656
MSP,IND,1661,1230
MSP,INL,72,1114
MSP,JAC,117,1511
MSP,JAX,201,1574
MSP,JFK,1441,1481
MSP,LAN,157,1530
MSP,LAS,2461,1849
MSP,LAX,2389,1123
MSP,LGA,2723,1510
MSP,LIT,157,1492
MSP,LNK,106,1320
MSP,LSE,433,1031
MSP,MBS,109,1393
MSP,MCI,1976,1406
MSP,MCO,1931,1431
MSP,MDT,197,1380
MSP,MDW,1367,1746
MSP,MEM,2551,1500
MSP,MIA,908,1784
MSP,MKE,3619,1476
MSP,MLI,450,1126
MSP,MOT,1085,1699
MSP,MSN,1438,1032
MSP,MSO,189,1160
MSP,MYR,27,1253
MSP,OKC,542,1372
MSP,OMA,1177,1112
MSP,ORD,9356,1189
MSP,ORF,122,1293
MSP,PDX,1501,1338
MSP,PHL,1709,1291
MSP,PHX,3515,1767
MSP,PIR,3,1875
MSP,PIT,1006,1833
MSP,PSP,214,1487
MSP,PVD,6,1280
MSP,PWM,42,1468
MSP,RAP,877,1336
MSP,RDU,726,1124
MSP,RHI,221,1685
MSP,RIC,339,1606
MSP,ROC,134,1747
MSP,RST,881,1755
MSP,RSW,647,1505
MSP,SAN,1330,1045
MSP,SAT,190,1833
MSP,SAV,27,1803
MSP,SBN,365,1624
MSP,SDF,707,1611
MSP,SEA,2475,1289
MSP,SFO,1909,1669
MSP,SGF,359,1355
MSP,SJC,693,1145
MSP,SJU,26,1873
MSP,SLC,2197,1196
MSP,SMF,809,1419
MSP,SNA,1037,1334
MSP,SPI,1,1320
MSP,STL,1626,1249
MSP,SUX,121,1886
MSP,TPA,1005,1721
MSP,TUL,717,1275
MSP,TUS,439,1804
MSP,TVC,346,1000
MSP,TYS,365,1585
MSP,XNA,677,1571
MSY,ATL,4695,1441
MSY,AUS,443,1292
MSY,BHM,1012,1714
MSY,BNA,1010,1461
MSY,BOS,254,1625
MSY,BWI,391,1673
MSY,CLE,54,1542
MSY,CLT,1504,1369
MSY,CMH,1,1775
MSY,CVG,193,1697
MSY,DAL,2079,1359
MSY,DCA,430,1439
MSY,DEN,1176,1841
MSY,DFW,2501,1505
MSY,DTW,53,1010
MSY,EWR,1129,1444
MSY,FLL,594,1673
MSY,HOU,3737,1741
MSY,IAD,457,1444
MSY,IAH,4257,1543
MSY,IND,10,1682
MSY,JAX,472,1291
MSY,JFK,1070,1523
MSY,LAS,727,1126
MSY,LAX,928,1535
MSY,LGA,511,1897
MSY,MCI,461,1779
MSY,MCO,1566,1697
MSY,MDW,390,1437
MSY,MEM,1003,1837
MSY,MIA,1097,1887
MSY,MSP,16,1603
MSY,OKC,1,1731
MSY,ORD,1458,1110
MSY,PHL,1046,1322
MSY,PHX,365,1843
MSY,RDU,472,1516
MSY,SAT,432,1418
MSY,SLC,329,1090
MSY,TPA,1097,1005
MSY,TWF,1,1454
MTJ,ATL,37,1375
MTJ,DEN,1591,1755
MTJ,DFW,232,1647
MTJ,EWR,21,1866
MTJ,IAH,261,1558
MTJ,LAX,18,1029
MTJ,ORD,30,1433
MTJ,SLC,229,1415
MYR,ATL,1854,1088
MYR,BOS,45,1243
MYR,CLT,2216,1294
MYR,CVG,13,1804
MYR,DTW,287,1659
MYR,EWR,234,1742
MYR,IAD,533,1551
MYR,ILM,1,1103
MYR,LGA,124,1422
MYR,MSP,27,1279
MYR,PHL,1,1807
OAJ,ATL,1178,1426
OAJ,CLT,6,1887
OAK,ABQ,1004,1834
OAK,ATL,88,1609
OAK,AUS,236,1324
OAK,BNA,363,1638
OAK,BOI,667,1220
OAK,BOS,518,1776
OAK,BUR,5420,1496
OAK,DEN,3101,1565
OAK,DFW,725,1725
OAK,FLL,13,1258
OAK,GEG,726,1388
OAK,HNL,121,1708
OAK,HOU,711,1174
OAK,IAD,841,1058
OAK,IAH,721,1629
OAK,JFK,1177,1251
OAK,KOA,4,1285
OAK,LAS,4642,1288
OAK,LAX,7578,1230
OAK,LGB,1632,1219
OAK,MCI,684,1764
OAK,MDW,1720,1606
OAK,OGG,60,1319
OAK,ONT,3701,1602
OAK,ORD,59,1615
OAK,PDX,2482,1790
OAK,PHX,4213,1858
OAK,RNO,1331,1699
OAK,SAN,5851,1213
OAK,SEA,5047,1140
OAK,SLC,3146,1379
OAK,SMF,1,1336
OAK,SNA,3645,1195
OAK,TUS,307,1131
OGG,ANC,27,1386
OGG,DEN,163,1760
OGG,DFW,366,1197
OGG,HNL,12383,1727
OGG,ITO,366,1789
OGG,KOA,1379,1359
OGG,LAX,2058,1102
OGG,LIH,60,1276
OGG,OAK,60,1179
OGG,PDX,366,1670
OGG,PHX,586,1680
OGG,SAN,280,1594
OGG,SEA,533,1179
OGG,SFO,932,1607
OGG,SLC,261,1877
OGG,SMF,60,1824
OGG,SNA,60,1826
OKC,ABQ,231,1777
OKC,ATL,1884,1127
OKC,AUS,87,1646
OKC,BMI,1,1575
OKC,BWI,366,1734
OKC,CLE,21,1799
OKC,CVG,769,1317
OKC,DAL,1687,1224
OKC,DEN,2848,1070
OKC,DFW,2845,1633
OKC,DTW,604,1772
OKC,EWR,361,1611
OKC,HOU,1353,1630
OKC,IAD,5,1169
OKC,IAH,2635,1242
OKC,LAS,471,1014
OKC,LAX,500,1439
OKC,MCI,1144,1657
OKC,MCO,9,1781
OKC,MEM,883,1163
OKC,MSP,617,1657
OKC,ONT,231,1246
OKC,ORD,2038,1156
OKC,PHX,1513,1735
OKC,SAN,302,1869
OKC,SAT,89,1512
OKC,SLC,743,1375
OKC,SMF,226,1059
OKC,STL,688,1750
OKC,TUL,1,1066
OMA,ABQ,1,1481
OMA,ATL,1731,1473
OMA,ATW,1,1176
OMA,BHM,1,1164
OMA,CLE,428,1860
OMA,COS,1,1488
OMA,CVG,1002,1492
OMA,DEN,3231,1042
OMA,DFW,1748,1060
OMA,DSM,1,1302
OMA,DTW,1324,1172
OMA,EWR,1080,1549
OMA,GRB,1,1766
OMA,IAH,2099,1198
OMA,LAS,1083,1685
OMA,LNK,1,1724
OMA,MCO,9,1059
OMA,MDW,2045,1276
OMA,MEM,763,1437
OMA,MKE,701,1097
OMA,MSP,1163,1211
OMA,ONT,304,1559
OMA,ORD,4045,1873
OMA,PHX,2067,1673
OMA,SAN,314,1876
OMA,SLC,609,1503
OMA,STL,1033,1402
OMA,TUS,221,1829
OME,ANC,729,1319
OME,OTZ,361,1825
ONT,ABQ,443,1072
ONT,ATL,797,1270
ONT,AUS,304,1482
ONT,BNA,365,1507
ONT,BOI,471,1387
ONT,COS,458,1861
ONT,DEN,1544,1416
ONT,DFW,1742,1843
ONT,ELP,382,1130
ONT,FAT,238,1567
ONT,GEG,440,1192
ONT,GJT,1,1169
ONT,IAH,1093,1655
ONT,JFK,248,1746
ONT,LAS,3494,1429
ONT,LAX,24,1662
ONT,MCI,302,1521
ONT,MRY,246,1864
ONT,OAK,3697,1664
ONT,OKC,231,1387
ONT,OMA,303,1463
ONT,PDX,60,1014
ONT,PHX,5628,1865
ONT,RNO,273,1260
ONT,SAN,2,1635
ONT,SAT,439,1741
ONT,SEA,1343,1863
ONT,SFO,1599,1016
ONT,SJC,2742,1232
ONT,SLC,1658,1109
ONT,SMF,3803,1167
ONT,TUL,228,1092
ONT,TUS,474,1630
ORD,ABE,1426,1796
ORD,ABQ,754,1331
ORD,ALB,1632,1270
ORD,ANC,561,1255
ORD,ASE,310,1436
ORD,ATL,7449,1254
ORD,ATW,2288,1718
ORD,AUS,2515,1247
ORD,AVP,718,1183
ORD,AZO,2350,1859
ORD,BDL,3335,1089
ORD,BHM,1511,1424
ORD,BIL,105,1544
ORD,BMI,2005,1697
ORD,BNA,3905,1874
ORD,BOI,786,1612
ORD,BOS,7133,1017
ORD,BTR,215,1261
ORD,BTV,738,1405
ORD,BUF,3437,1253
ORD,BWI,3552,1134
ORD,BZN,336,1892
ORD,CAE,1373,1776
ORD,CAK,1047,1777
ORD,CHA,767,1416
ORD,CHS,1337,1869
ORD,CID,4154,1378
ORD,CLE,4567,1496
ORD,CLT,6013,1453
ORD,CMH,4664,1131
ORD,CMI,2404,1596
ORD,COS,1525,1767
ORD,CPR,134,1696
ORD,CRW,708,1724
ORD,CVG,5993,1367
ORD,CWA,1715,1725
ORD,DAL,1007,1114
ORD,DAY,1786,1066
ORD,DBQ,1347,1437
ORD,DCA,7430,1641
ORD,DEN,5773,1811
ORD,DFW,8093,1424
ORD,DSM,4823,1554
ORD,DTW,7602,1006
ORD,EGE,197,1162
ORD,ELP,670,1850
ORD,EVV,1944,1290
ORD,EWR,7174,1579
ORD,FAR,1344,1544
ORD,FCA,104,1350
ORD,FLL,1583,1553
ORD,FNT,1265,1857
ORD,FSD,1724,1169
ORD,FWA,2956,1384
ORD,GEG,327,1462
ORD,GJT,13,1053
ORD,GPT,214,1369
ORD,GRB,3631,1084
ORD,GRR,3699,1165
ORD,GSO,870,1732
ORD,GSP,1302,1625
ORD,GTF,23,1069
ORD,GUC,2,1497
ORD,HDN,200,1655
ORD,HNL,641,1034
ORD,HPN,3624,1392
ORD,HSV,547,1751
ORD,IAD,2891,1415
ORD,IAH,5463,1159
ORD,ICT,3001,1005
ORD,IND,4103,1239
ORD,JAC,463,1283
ORD,JAN,211,1152
ORD,JAX,1697,1236
ORD,JFK,3684,1654
ORD,LAN,1409,1538
ORD,LAS,5257,1622
ORD,LAX,6974,1053
ORD,LEX,1965,1601
ORD,LGA,10770,1788
ORD,LGB,604,1591
ORD,LIT,1806,1430
ORD,LNK,1407,1768
ORD,LSE,1572,1775
ORD,MBS,1339,1895
ORD,MCI,3900,1038
ORD,MCO,3798,1048
ORD,MDT,1552,1173
ORD,MEM,3782,1497
ORD,MHT,1144,1565
ORD,MIA,3343,1651
ORD,MKE,3400,1335
ORD,MLI,2579,1112
ORD,MOB,210,1687
ORD,MQT,313,1095
ORD,MSN,4878,1865
ORD,MSO,105,1496
ORD,MSP,9688,1362
ORD,MSY,1502,1836
ORD,MTJ,30,1388
ORD,OAK,59,1612
ORD,OGG,221,1815
ORD,OKC,1937,1089
ORD,OMA,4097,1214
ORD,ORF,1188,1662
ORD,PBI,656,1629
ORD,PDX,2394,1267
ORD,PHL,6733,1291
ORD,PHX,5124,1273
ORD,PIA,3256,1008
ORD,PIT,3611,1425
ORD,PNS,292,1590
ORD,PSP,451,1642
ORD,PVD,1789,1133
ORD,PWM,343,1473
ORD,RAP,218,1394
ORD,RDU,3140,1059
ORD,RIC,1884,1057
ORD,RNO,365,1308
ORD,ROA,555,1271
ORD,ROC,2550,1468
ORD,RST,2366,1205
ORD,RSW,764,1468
ORD,SAN,3308,1135
ORD,SAT,1713,1709
ORD,SAV,1132,1462
ORD,SBN,2266,1670
ORD,SDF,3496,1264
ORD,SEA,4802,1814
ORD,SFO,5524,1354
ORD,SGF,2306,1727
ORD,SHV,211,1174
ORD,SJC,1333,1460
ORD,SJU,1036,1589
ORD,SLC,2860,1592
ORD,SMF,1077,1381
ORD,SNA,2580,1766
ORD,SPI,1085,1746
ORD,STL,4558,1668
ORD,STT,80,1406
ORD,SYR,2314,1538
ORD,TOL,1337,1651
ORD,TPA,2443,1102
ORD,TUL,2040,1373
ORD,TUS,865,1415
ORD,TVC,2435,1668
ORD,TYS,2017,1371
ORD,VPS,236,1364
ORD,XNA,3116,1208
ORF,ATL,2784,1167
ORF,BDL,1,1847
ORF,BNA,236,1591
ORF,BOI,1,1496
ORF,BOS,197,1307
ORF,BWI,1675,1379
ORF,CLE,2,1600
ORF,CLT,1836,1238
ORF,CVG,499,1891
ORF,DFW,1035,1860
ORF,DTW,968,1433
ORF,EWR,380,1519
ORF,IAD,1057,1790
ORF,IAH,969,1882
ORF,JAX,719,1297
ORF,JFK,277,1623
ORF,LAS,366,1744
ORF,MCO,753,1554
ORF,MDW,731,1280
ORF,MEM,240,1686
ORF,MIA,152,1380
ORF,MSP,123,1883
ORF,ORD,1089,1063
ORF,PBI,1,1190
ORF,SAV,1,1561
ORF,TPA,366,1434
OTH,PDX,162,1247
OTH,SFO,353,1473
OTZ,ANC,361,1206
OTZ,OME,725,1871
OXR,LAX,1291,1203
OXR,PSP,1,1543
PBI,ATL,4262,1755
PBI,BDL,373,1013
PBI,BOS,1746,1103
PBI,BWI,1353,1529
PBI,CLE,383,1797
PBI,CLT,1871,1182
PBI,CMH,5,1271
PBI,CVG,390,1870
PBI,DCA,909,1268
PBI,DEN,95,1447
PBI,DFW,854,1414
PBI,DTW,472,1318
PBI,EWR,2770,1539
PBI,HPN,1046,1200
PBI,IAD,14,1543
PBI,IAH,1389,1880
PBI,ISP,1082,1534
PBI,JFK,2531,1150
PBI,LAS,62,1735
PBI,LGA,1934,1404
PBI,ORD,654,1250
PBI,PHL,1899,1545
PBI,PIT,4,1872
PBI,SWF,359,1646
PBI,TPA,1365,1296
PDX,ABQ,366,1740
PDX,ANC,576,1752
PDX,ATL,1102,1467
PDX,BOI,1038,1279
PDX,BOS,366,1738
PDX,BUR,60,1710
PDX,CLT,136,1705
PDX,CVG,311,1647
PDX,DEN,4654,1432
PDX,DFW,1577,1635
PDX,DTW,250,1578
PDX,EUG,1551,1162
PDX,EWR,692,1342
PDX,GEG,1311,1709
PDX,HNL,732,1604
PDX,IAD,367,1280
PDX,IAH,1265,1779
PDX,JFK,680,1676
PDX,LAS,3564,1895
PDX,LAX,3517,1278
PDX,LGB,141,1625
PDX,LMT,162,1242
PDX,MCI,366,1606
PDX,MCO,236,1774
PDX,MDW,894,1727
PDX,MFR,1543,1501
PDX,MSN,1,1544
PDX,MSP,1502,1694
PDX,OAK,2471,1287
PDX,OGG,366,1694
PDX,ONT,60,1699
PDX,ORD,2184,1555
PDX,OTH,162,1737
PDX,PHL,379,1189
PDX,PHX,3946,1296
PDX,PSP,168,1707
PDX,RDM,1621,1458
PDX,RNO,1150,1321
PDX,SAN,1352,1272
PDX,SEA,2449,1492
PDX,SFO,3088,1379
PDX,SJC,2322,1449
PDX,SLC,3277,1356
PDX,SMF,2484,1101
PDX,SNA,1421,1243
PFN,ATL,2548,1880
PFN,CVG,36,1238
PFN,MCO,196,1236
PFN,MEM,1095,1018
PHF,ATL,4157,1118
PHF,BOS,716,1139
PHF,FLL,310,1685
PHF,LGA,767,1286
PHF,MCO,361,1577
PHF,TPA,95,1642
PHL,ALB,448,1604
PHL,ATL,6918,1331
PHL,ATW,1,1288
PHL,AUS,290,1779
PHL,AVP,1,1598
PHL,BDL,521,1560
PHL,BNA,981,1276
PHL,BOS,6384,1462
PHL,BUF,365,1567
PHL,BWI,660,1845
PHL,CLE,674,1278
PHL,CLT,3545,1600
PHL,CMH,994,1157
PHL,CVG,1583,1438
PHL,DCA,584,1677
PHL,DEN,2961,1293
PHL,DFW,3485,1086
PHL,DTW,2760,1659
PHL,EWR,19,1616
PHL,FLL,2977,1054
PHL,GRR,1,1514
PHL,HOU,687,1266
PHL,IAD,607,1757
PHL,IAH,1732,1689
PHL,ICT,1,1512
PHL,IND,853,1301
PHL,JAX,1665,1478
PHL,JFK,675,1495
PHL,LAS,2836,1855
PHL,LAX,2240,1352
PHL,LGA,4,1822
PHL,MCO,7032,1886
PHL,MDW,2652,1763
PHL,MEM,1032,1256
PHL,MHT,2357,1711
PHL,MIA,2206,1266
PHL,MKE,774,1132
PHL,MSP,1749,1677
PHL,MSY,1107,1224
PHL,ORD,7078,1141
PHL,ORF,292,1304
PHL,PBI,1903,1023
PHL,PDX,380,1343
PHL,PHX,2885,1776
PHL,PIT,3188,1512
PHL,PVD,2550,1335
PHL,RDU,3347,1726
PHL,RIC,387,1546
PHL,RSW,1223,1413
PHL,SAN,817,1022
PHL,SAT,290,1841
PHL,SDF,2,1432
PHL,SEA,708,1113
PHL,SFO,2237,1490
PHL,SJU,1474,1650
PHL,SLC,670,1528
PHL,SMF,207,1832
PHL,STL,578,1745
PHL,STT,198,1189
PHL,SYR,334,1344
PHL,TPA,3390,1541
PHX,ABQ,5234,1424
PHX,ANC,366,1205
PHX,ASE,109,1813
PHX,ATL,4607,1798
PHX,AUS,2786,1116
PHX,BDL,334,1471
PHX,BFL,1194,1101
PHX,BHM,367,1128
PHX,BNA,1123,1771
PHX,BOI,679,1889
PHX,BOS,1067,1833
PHX,BUF,365,1212
PHX,BUR,4754,1120
PHX,BWI,2103,1713
PHX,CLD,43,1813
PHX,CLE,1115,1680
PHX,CLT,2183,1392
PHX,CMH,1096,1044
PHX,COS,1392,1614
PHX,CVG,463,1517
PHX,DCA,1080,1701
PHX,DEN,8402,1895
PHX,DFW,5387,1447
PHX,DRO,811,1851
PHX,DSM,749,1528
PHX,DTW,2929,1760
PHX,ELP,4155,1041
PHX,EUG,371,1563
PHX,EWR,2579,1557
PHX,FAT,1618,1140
PHX,FLG,1871,1000
PHX,FLL,620,1811
PHX,GEG,777,1436
PHX,GJT,1037,1885
PHX,HNL,914,1216
PHX,HOU,1677,1095
PHX,IAD,731,1355
PHX,IAH,4197,1154
PHX,ICT,692,1606
PHX,IND,1458,1777
PHX,JFK,2256,1393
PHX,KOA,330,1692
PHX,LAS,10337,1160
PHX,LAX,9992,1284
PHX,LGB,1624,1561
PHX,LIH,280,1065
PHX,LIT,235,1659
PHX,MCI,2140,1522
PHX,MCO,1039,1320
PHX,MDW,2795,1583
PHX,MEM,816,1292
PHX,MFR,303,1889
PHX,MHT,365,1677
PHX,MIA,366,1483
PHX,MKE,866,1490
PHX,MRY,911,1887
PHX,MSP,3508,1474
PHX,MSY,365,1059
PHX,OAK,4150,1112
PHX,OGG,586,1139
PHX,OKC,1516,1582
PHX,OMA,2060,1676
PHX,ONT,5627,1742
PHX,ORD,5130,1454
PHX,PDX,3948,1097
PHX,PHL,2883,1376
PHX,PIT,1086,1173
PHX,PSP,1752,1034
PHX,PVD,365,1461
PHX,RDU,755,1851
PHX,RNO,2776,1638
PHX,SAN,7609,1548
PHX,SAT,2783,1025
PHX,SBA,1618,1059
PHX,SBP,990,1701
PHX,SDF,365,1235
PHX,SEA,5072,1456
PHX,SFO,4884,1169
PHX,SJC,4050,1711
PHX,SLC,7177,1499
PHX,SMF,4134,1190
PHX,SNA,5497,1544
PHX,STL,2755,1215
PHX,TEX,194,1793
PHX,TPA,1022,1562
PHX,TUL,1015,1228
PHX,TUS,3684,1462
PHX,YUM,1962,1362
PIA,ATL,623,1283
PIA,DEN,362,1792
PIA,DFW,634,1442
PIA,DTW,701,1014
PIA,HPN,1,1572
PIA,LNK,1,1620
PIA,ORD,3259,1465
PIH,SLC,1659,1677
PIR,JAX,2,1348
PIR,MSP,3,1369
PIT,ATL,4557,1642
PIT,BOS,616,1071
PIT,BWI,1043,1126
PIT,CLT,2376,1324
PIT,CVG,1288,1718
PIT,DCA,7,1736
PIT,DEN,859,1122
PIT,DFW,2140,1188
PIT,DTW,1511,1682
PIT,EWR,671,1825
PIT,FLL,507,1024
PIT,GRB,1,1080
PIT,IAD,780,1729
PIT,IAH,1719,1657
PIT,JFK,2249,1658
PIT,LAS,1411,1178
PIT,LAX,373,1018
PIT,LGA,936,1305
PIT,MCI,266,1818
PIT,MCO,2470,1189
PIT,MDW,2070,1771
PIT,MEM,1005,1216
PIT,MIA,174,1277
PIT,MKE,1083,1612
PIT,MSP,1050,1678
PIT,ORD,3521,1733
PIT,PBI,4,1282
PIT,PHL,4169,1111
PIT,PHX,1086,1354
PIT,RSW,181,1164
PIT,SFO,369,1544
PIT,SJU,1,1502
PIT,SLC,218,1079
PIT,TPA,1089,1341
PLN,DCA,1,1615
PLN,DTW,263,1166
PMD,SFO,728,1093
PNS,ATL,4430,1333
PNS,CLT,372,1379
PNS,DFW,2024,1245
PNS,FLL,145,1166
PNS,IAH,635,1889
PNS,MCO,366,1456
PNS,MEM,1097,1443
PNS,ORD,293,1775
PNS,TPA,135,1726
PSC,DEN,940,1710
PSC,SLC,1600,1605
PSC,TWF,1,1309
PSE,EWR,17,1780
PSE,FLL,45,1092
PSE,JFK,346,1398
PSE,MCO,347,1848
PSG,JNU,364,1318
PSG,WRG,363,1070
PSP,DEN,998,1229
PSP,DFW,1096,1880
PSP,FAT,1,1539
PSP,GJT,1,1783
PSP,IAH,216,1081
PSP,LAS,1281,1088
PSP,LAX,2597,1223
PSP,MSP,214,1373
PSP,ONT,1,1440
PSP,ORD,452,1674
PSP,PDX,169,1896
PSP,PHX,1752,1071
PSP,SEA,664,1610
PSP,SFO,1638,1316
PSP,SLC,898,1125
PSP,TWF,1,1121
PUB,COS,2,1181
PVD,ATL,1390,1278
PVD,BDL,1,1004
PVD,BNA,366,1395
PVD,BOS,3,1823
PVD,BWI,3981,1577
PVD,CLE,360,1448
PVD,CLT,1439,1139
PVD,CVG,958,1166
PVD,DCA,672,1383
PVD,DTW,1105,1150
PVD,EWR,1102,1076
PVD,FLL,425,1725
PVD,IAD,511,1596
PVD,JFK,604,1525
PVD,LAS,364,1426
PVD,MCO,2148,1490
PVD,MDW,1373,1403
PVD,MSP,6,1387
PVD,ORD,1792,1616
PVD,PHL,2563,1143
PVD,PHX,365,1468
PVD,TPA,981,1291
PWM,ATL,904,1179
PWM,BOS,2,1392
PWM,BWI,995,1329
PWM,CLE,306,1254
PWM,CLT,277,1735
PWM,CVG,563,1061
PWM,DTW,67,1058
PWM,EWR,741,1711
PWM,IAD,407,1716
PWM,JFK,1818,1167
PWM,MCO,459,1856
PWM,MSP,42,1468
PWM,ORD,316,1743
RAP,DEN,2309,1866
RAP,MSP,877,1023
RAP,ORD,217,1131
RAP,SLC,757,1434
RAP,TWF,1,1891
RDD,SBA,1,1645
RDD,SFO,1680,1140
RDD,SMF,1,1700
RDM,DEN,12,1066
RDM,IDA,1,1263
RDM,PDX,1619,1169
RDM,SFO,1083,1833
RDM,SLC,719,1585
RDU,ATL,5418,1610
RDU,AUS,231,1203
RDU,BDL,1149,1253
RDU,BHM,160,1320
RDU,BNA,1617,1868
RDU,BOS,3870,1841
RDU,BWI,2078,1629
RDU,CLE,307,1039
RDU,CLT,2339,1143
RDU,CMH,500,1480
RDU,CVG,1317,1206
RDU,DCA,2772,1233
RDU,DEN,470,1039
RDU,DFW,2347,1757
RDU,DTW,1368,1126
RDU,EWR,2394,1270
RDU,FLL,696,1124
RDU,GRB,1,1524
RDU,IAD,1722,1692
RDU,IAH,1995,1780
RDU,IND,673,1767
RDU,JAX,595,1523
RDU,JFK,3989,1512
RDU,LAS,715,1805
RDU,LAX,8,1768
RDU,LGA,4135,1210
RDU,MCI,652,1047
RDU,MCO,1738,1253
RDU,MDW,1360,1529
RDU,MEM,1062,1463
RDU,MIA,1098,1012
RDU,MKE,490,1080
RDU,MSP,726,1609
RDU,MSY,474,1753
RDU,ORD,3094,1494
RDU,PHL,3363,1283
RDU,PHX,755,1514
RDU,SAT,229,1228
RDU,SDF,426,1798
RDU,SLC,327,1398
RDU,STL,358,1433
RDU,TPA,1057,1797
RDU,XNA,104,1004
RFD,DEN,290,1739
RHI,MSP,221,1086
RIC,ATL,4536,1859
RIC,BOS,688,1260
RIC,CLE,905,1338
RIC,CLT,1800,1890
RIC,CVG,779,1391
RIC,DCA,2,1280
RIC,DFW,1041,1241
RIC,DTW,700,1879
RIC,EWR,1576,1223
RIC,FLL,366,1757
RIC,IAH,971,1843
RIC,JAX,1,1772
RIC,JFK,1703,1726
RIC,LGA,1337,1779
RIC,MCO,515,1301
RIC,MEM,292,1140
RIC,MIA,152,1836
RIC,MSP,340,1238
RIC,ORD,1884,1260
RIC,ORF,1,1417
RIC,PHL,387,1346
RIC,RDU,1,1187
RKS,DEN,545,1621
RKS,GCC,58,1880
RKS,SLC,351,1746
RNO,ATL,169,1079
RNO,BOI,1025,1512
RNO,BUR,1,1574
RNO,DEN,1353,1416
RNO,DFW,1095,1880
RNO,GEG,214,1186
RNO,IAH,428,1019
RNO,LAS,4508,1443
RNO,LAX,1905,1176
RNO,LGB,464,1120
RNO,MDW,365,1772
RNO,OAK,1322,1423
RNO,ONT,273,1475
RNO,ORD,365,1227
RNO,PDX,1144,1501
RNO,PHX,2779,1500
RNO,PIH,1,1100
RNO,SAN,730,1304
RNO,SEA,799,1532
RNO,SFO,1886,1055
RNO,SJC,1364,1616
RNO,SLC,1814,1765
RNO,SNA,60,1042
RNO,TUS,222,1892
ROA,ATL,1731,1201
ROA,BWI,1,1322
ROA,CLT,1,1738
ROA,CVG,2,1755
ROA,DTW,748,1470
ROA,IAD,601,1741
ROA,MSN,1,1226
ROA,ORD,635,1530
ROC,ATL,2488,1311
ROC,BOS,1,1654
ROC,BWI,865,1872
ROC,CLE,921,1684
ROC,CLT,412,1141
ROC,CVG,724,1199
ROC,DFW,177,1755
ROC,DTW,864,1287
ROC,EWR,933,1289
ROC,FLL,114,1508
ROC,IAD,560,1645
ROC,JFK,2435,1402
ROC,LAS,84,1780
ROC,MCO,700,1577
ROC,MSP,136,1540
ROC,ORD,2484,1451
ROC,TPA,366,1510
ROW,DFW,961,1618
RST,DTW,171,1405
RST,MSP,817,1876
RST,ORD,2365,1111
RSW,ATL,4196,1232
RSW,BDL,134,1556
RSW,BOS,1716,1797
RSW,BUF,376,1680
RSW,BWI,1335,1071
RSW,CAK,138,1286
RSW,CLE,594,1774
RSW,CLT,1765,1246
RSW,CMH,137,1585
RSW,CVG,539,1036
RSW,DCA,708,1059
RSW,DEN,222,1048
RSW,DFW,919,1366
RSW,DTW,1144,1150
RSW,EWR,1874,1277
RSW,FNT,149,1891
RSW,HPN,520,1677
RSW,IAD,14,1247
RSW,IAH,1066,1768
RSW,IND,1057,1519
RSW,ISP,374,1503
RSW,JFK,1890,1716
RSW,LGA,237,1847
RSW,MCI,5,1668
RSW,MCO,1414,1471
RSW,MDW,1096,1683
RSW,MEM,58,1478
RSW,MIA,2,1019
RSW,MKE,225,1353
RSW,MSP,647,1285
RSW,ORD,763,1534
RSW,PBI,1,1769
RSW,PHL,1223,1132
RSW,PIT,181,1579
RSW,STL,417,1082
SAN,ABQ,1054,1551
SAN,ATL,2855,1151
SAN,AUS,715,1512
SAN,BFL,224,1784
SAN,BNA,727,1869
SAN,BOI,475,1773
SAN,BOS,610,1008
SAN,BWI,729,1805
SAN,CLE,87,1738
SAN,CLT,704,1317
SAN,COS,476,1768
SAN,CVG,573,1497
SAN,DEN,5263,1821
SAN,DFW,3528,1669
SAN,DTW,580,1435
SAN,ELP,366,1334
SAN,EWR,1180,1453
SAN,FAT,582,1706
SAN,GEG,452,1421
SAN,HNL,393,1054
SAN,HOU,422,1332
SAN,IAD,1331,1040
SAN,IAH,2388,1336
SAN,JFK,1630,1589
SAN,KOA,23,1370
SAN,LAS,5902,1331
SAN,LAX,11224,1687
SAN,LIH,31,1499
SAN,MCI,686,1687
SAN,MCO,13,1777
SAN,MDW,1708,1594
SAN,MEM,109,1281
SAN,MKE,106,1211
SAN,MRY,446,1700
SAN,MSP,1333,1668
SAN,OAK,5831,1358
SAN,OGG,279,1269
SAN,OKC,305,1277
SAN,OMA,317,1447
SAN,ONT,3,1497
SAN,ORD,2948,1538
SAN,PDX,1352,1792
SAN,PHL,817,1372
SAN,PHX,7581,1007
SAN,RNO,729,1098
SAN,SAT,643,1370
SAN,SEA,2831,1037
SAN,SFO,6769,1496
SAN,SJC,5286,1636
SAN,SLC,2549,1737
SAN,SMF,4603,1353
SAN,STL,366,1352
SAN,TUL,228,1772
SAN,TUS,1413,1394
SAT,ABQ,426,1688
SAT,AMA,1,1727
SAT,ATL,3241,1489
SAT,AUS,2,1876
SAT,BNA,676,1448
SAT,BWI,730,1763
SAT,CLE,233,1310
SAT,CLT,658,1333
SAT,CVG,882,1528
SAT,DAL,4999,1592
SAT,DEN,2510,1732
SAT,DFW,5413,1231
SAT,DTW,642,1299
SAT,ELP,1332,1581
SAT,EWR,954,1793
SAT,HOU,2582,1613
SAT,HRL,656,1399
SAT,IAD,149,1307
SAT,IAH,3755,1043
SAT,IND,236,1404
SAT,LAS,1575,1050
SAT,LAX,1783,1586
SAT,MCI,578,1493
SAT,MCO,744,1655
SAT,MDW,710,1150
SAT,MEM,788,1257
SAT,MGM,1,1490
SAT,MSP,191,1478
SAT,MSY,430,1805
SAT,OKC,87,1199
SAT,ONT,441,1503
SAT,ORD,1815,1286
SAT,PHL,290,1701
SAT,PHX,2767,1426
SAT,RDU,228,1082
SAT,SAN,646,1194
SAT,SFO,366,1062
SAT,SLC,587,1763
SAT,SMF,226,1324
SAT,STL,246,1294
SAT,TPA,365,1510
SAT,TUL,89,1057
SAT,TUS,240,1544
SAV,ATL,3888,1134
SAV,BOS,89,1143
SAV,CHS,1,1309
SAV,CLE,321,1180
SAV,CLT,1433,1365
SAV,CVG,731,1496
SAV,DFW,795,1569
SAV,DTW,509,1146
SAV,EWR,1127,1423
SAV,IAD,1007,1134
SAV,IAH,949,1510
SAV,JAX,3,1236
SAV,LGA,996,1123
SAV,MEM,764,1191
SAV,MSP,27,1650
SAV,ORD,1134,1052
SBA,DEN,840,1633
SBA,DFW,366,1551
SBA,LAS,305,1888
SBA,LAX,4498,1582
SBA,MRY,1,1189
SBA,PHX,1617,1525
SBA,SBP,1,1481
SBA,SFO,3047,1755
SBA,SJC,1208,1163
SBA,SLC,685,1726
SBN,ATL,1039,1517
SBN,CVG,12,1670
SBN,DTW,1638,1408
SBN,MSP,365,1080
SBN,ORD,2265,1870
SBP,FAT,1,1435
SBP,LAS,128,1404
SBP,LAX,2682,1580
SBP,MFR,1,1733
SBP,MRY,2,1745
SBP,PHX,990,1722
SBP,SFO,1758,1640
SBP,SLC,284,1321
SCC,ANC,363,1132
SCC,BRW,364,1341
SCE,ATL,122,1714
SCE,CVG,23,1758
SCE,DTW,500,1787
SDF,ATL,2756,1478
SDF,BHM,674,1347
SDF,BOS,81,1519
SDF,BWI,1483,1142
SDF,CLE,728,1829
SDF,CLT,795,1339
SDF,CVG,639,1886
SDF,DEN,384,1866
SDF,DFW,1386,1305
SDF,DTW,1011,1636
SDF,EWR,1037,1360
SDF,IAH,361,1167
SDF,LAS,365,1661
SDF,LGA,572,1033
SDF,MCO,533,1197
SDF,MDW,1685,1679
SDF,MEM,787,1112
SDF,MIA,366,1298
SDF,MKE,257,1222
SDF,MSP,780,1678
SDF,ORD,3497,1102
SDF,PHL,2,1286
SDF,PHX,365,1286
SDF,RDU,426,1809
SDF,SLC,3,1459
SDF,SPI,1,1599
SDF,STL,995,1664
SDF,TPA,489,1475
SEA,ABQ,708,1857
SEA,ANC,6256,1581
SEA,ATL,2571,1642
SEA,AUS,147,1339
SEA,BNA,364,1428
SEA,BOI,1070,1666
SEA,BOS,980,1608
SEA,BUR,1390,1053
SEA,BWI,242,1627
SEA,CLE,229,1319
SEA,CLT,480,1296
SEA,CVG,791,1099
SEA,DCA,727,1601
SEA,DEN,6623,1304
SEA,DFW,3917,1323
SEA,DTW,1172,1796
SEA,EWR,2026,1412
SEA,FAI,956,1465
SEA,GEG,4346,1818
SEA,HNL,1638,1335
SEA,IAD,1097,1193
SEA,IAH,2395,1697
SEA,IND,75,1343
SEA,JFK,1852,1190
SEA,JNU,1334,1724
SEA,KOA,45,1518
SEA,KTN,1289,1563
SEA,LAS,5051,1736
SEA,LAX,6865,1122
SEA,LGB,1500,1838
SEA,LIH,366,1260
SEA,MCI,365,1484
SEA,MCO,731,1792
SEA,MDW,1361,1895
SEA,MEM,350,1865
SEA,MIA,366,1140
SEA,MKE,121,1614
SEA,MSP,2474,1361
SEA,OAK,5095,1685
SEA,OGG,900,1866
SEA,ONT,1343,1764
SEA,ORD,4608,1386
SEA,PDX,2449,1145
SEA,PHL,707,1708
SEA,PHX,5062,1162
SEA,PSP,667,1777
SEA,RNO,802,1185
SEA,SAN,2833,1044
SEA,SFO,5409,1762
SEA,SIT,104,1132
SEA,SJC,3534,1665
SEA,SLC,3774,1864
SEA,SMF,3642,1180
SEA,SNA,2860,1055
SEA,STL,567,1800
SEA,TUS,443,1406
SFO,ABQ,529,1816
SFO,ACV,2337,1633
SFO,ANC,182,1773
SFO,ASE,59,1207
SFO,ATL,3098,1154
SFO,AUS,609,1871
SFO,BFL,941,1040
SFO,BOI,1766,1655
SFO,BOS,2594,1515
SFO,BUR,1962,1080
SFO,BWI,366,1500
SFO,BZN,28,1248
SFO,CEC,705,1658
SFO,CIC,1392,1043
SFO,CLE,466,1492
SFO,CLT,1429,1898
SFO,COS,364,1126
SFO,CVG,782,1763
SFO,DEN,5374,1093
SFO,DFW,3487,1349
SFO,DTW,1160,1373
SFO,EUG,1923,1601
SFO,EWR,3137,1082
SFO,FAT,2410,1348
SFO,FCA,12,1674
SFO,GJT,2,1823
SFO,HNL,2359,1028
SFO,IAD,2732,1150
SFO,IAH,2660,1456
SFO,IDA,1,1081
SFO,IND,173,1000
SFO,JFK,6971,1385
SFO,KOA,713,1698
SFO,LAS,7007,1116
SFO,LAX,13788,1517
SFO,LGB,209,1210
SFO,LIH,483,1139
SFO,LMT,348,1535
SFO,MCO,366,1051
SFO,MDW,1092,1760
SFO,MEM,208,1213
SFO,MFR,2570,1632
SFO,MIA,1098,1497
SFO,MKE,115,1003
SFO,MOD,1665,1041
SFO,MRY,2410,1580
SFO,MSO,12,1009
SFO,MSP,1984,1359
SFO,OGG,932,1129
SFO,ONT,1600,1094
SFO,ORD,5746,1875
SFO,OTH,354,1749
SFO,PDX,2972,1233
SFO,PHL,2554,1157
SFO,PHX,4870,1584
SFO,PIT,369,1641
SFO,PMD,728,1051
SFO,PSP,1636,1087
SFO,RDD,1683,1773
SFO,RDM,1082,1065
SFO,RNO,1885,1102
SFO,SAN,6312,1349
SFO,SAT,366,1524
SFO,SBA,2991,1236
SFO,SBP,1751,1219
SFO,SEA,5414,1847
SFO,SJC,1,1079
SFO,SLC,4064,1760
SFO,SMF,2301,1071
SFO,SMX,2,1594
SFO,SNA,3955,1116
SFO,STL,574,1854
SFO,TUS,365,1168
SFO,TWF,2,1878
SGF,ATL,1170,1213
SGF,BNA,2,1529
SGF,CVG,247,1101
SGF,DEN,777,1383
SGF,DFW,3228,1858
SGF,DTW,363,1844
SGF,FSD,1,1347
SGF,MEM,1079,1064
SGF,MSP,360,1662
SGF,ORD,2492,1599
SGF,STL,368,1880
SGU,CDC,1,1124
SGU,LAX,721,1318
SGU,PIH,1,1614
SGU,PSP,1,1587
SGU,SLC,2594,1636
SGU,TWF,1,1738
SHV,ATL,1817,1540
SHV,DFW,3579,1349
SHV,DTW,360,1632
SHV,IAH,1018,1289
SHV,MEM,1094,1277
SHV,ORD,211,1334
SIT,JNU,740,1587
SIT,KTN,365,1060
SIT,SEA,227,1648
SJC,ATL,634,1047
SJC,AUS,968,1867
SJC,BFL,1,1727
SJC,BOS,256,1715
SJC,BUR,3380,1378
SJC,DEN,3670,1429
SJC,DFW,2264,1469
SJC,EWR,200,1261
SJC,FAT,1,1866
SJC,HNL,366,1110
SJC,IAD,245,1722
SJC,IAH,994,1560
SJC,JFK,481,1647
SJC,LAS,4176,1359
SJC,LAX,8939,1646
SJC,LGB,660,1356
SJC,MDW,659,1453
SJC,MSP,695,1172
SJC,ONT,2719,1120
SJC,ORD,1348,1716
SJC,PDX,2322,1538
SJC,PHX,4027,1182
SJC,RNO,1371,1050
SJC,SAN,5254,1150
SJC,SBA,1206,1181
SJC,SEA,3543,1782
SJC,SFO,1,1130
SJC,SLC,1372,1405
SJC,SMX,1,1413
SJC,SNA,5383,1187
SJT,DFW,1316,1321
SJU,ATL,1872,1106
SJU,BDL,366,1192
SJU,BOS,1273,1380
SJU,BWI,318,1563
SJU,CLE,43,1398
SJU,CLT,795,1385
SJU,DFW,986,1479
SJU,DTW,172,1532
SJU,EWR,1582,1591
SJU,FLL,764,1801
SJU,IAD,844,1403
SJU,IAH,730,1590
SJU,JFK,3558,1553
SJU,LAX,144,1859
SJU,MCO,2415,1130
SJU,MEM,26,1052
SJU,MIA,2560,1072
SJU,MSP,26,1873
SJU,ORD,1115,1576
SJU,PHL,1475,1217
SJU,PIT,1,1580
SJU,STT,245,1522
SJU,TPA,366,1382
SLC,ABQ,2293,1464
SLC,ACV,389,1526
SLC,ANC,478,1237
SLC,ASE,443,1821
SLC,ATL,2866,1807
SLC,AUS,550,1609
SLC,BFL,371,1269
SLC,BHM,5,1223
SLC,BIL,1953,1062
SLC,BLI,120,1099
SLC,BNA,114,1801
SLC,BOI,3370,1438
SLC,BOS,707,1522
SLC,BTM,704,1122
SLC,BUR,1674,1235
SLC,BWI,728,1723
SLC,BZN,2029,1718
SLC,CDC,666,1049
SLC,CLE,348,1383
SLC,CLT,211,1742
SLC,CMH,290,1531
SLC,COD,706,1381
SLC,COS,1073,1667
SLC,CPR,1006,1597
SLC,CVG,1620,1378
SLC,CYS,1,1159
SLC,DCA,365,1451
SLC,DEN,9269,1452
SLC,DFW,3149,1325
SLC,DRO,386,1367
SLC,DSM,3,1539
SLC,DTW,573,1727
SLC,EKO,1579,1439
SLC,ELP,120,1195
SLC,EUG,714,1657
SLC,EWR,812,1361
SLC,FAI,80,1247
SLC,FAR,95,1792
SLC,FAT,849,1611
SLC,FCA,1742,1563
SLC,FLL,242,1819
SLC,FSD,7,1049
SLC,GCC,293,1010
SLC,GEG,1947,1736
SLC,GJT,1062,1795
SLC,GTF,1050,1381
SLC,GUC,14,1769
SLC,HDN,373,1100
SLC,HLN,1215,1725
SLC,HNL,366,1398
SLC,IAD,523,1504
SLC,IAH,2698,1335
SLC,IDA,1788,1187
SLC,JAC,1485,1307
SLC,JFK,1784,1623
SLC,LAS,5373,1673
SLC,LAX,5178,1855
SLC,LBB,1,1560
SLC,LGA,24,1220
SLC,LGB,2499,1726
SLC,LIT,18,1880
SLC,LWS,652,1536
SLC,MCI,1051,1822
SLC,MCO,687,1743
SLC,MDW,997,1327
SLC,MFR,726,1340
SLC,MKE,5,1044
SLC,MRY,6,1052
SLC,MSO,1845,1891
SLC,MSP,2191,1828
SLC,MSY,328,1123
SLC,MTJ,229,1151
SLC,OAK,3134,1692
SLC,OGD,1,1278
SLC,OGG,261,1687
SLC,OKC,740,1178
SLC,OMA,605,1852
SLC,ONT,1661,1479
SLC,ORD,2863,1532
SLC,PDX,3289,1454
SLC,PHL,671,1888
SLC,PHX,7168,1364
SLC,PIH,1660,1199
SLC,PIT,217,1119
SLC,PSC,1602,1400
SLC,PSP,901,1111
SLC,RAP,757,1696
SLC,RDM,720,1008
SLC,RDU,328,1438
SLC,RKS,349,1167
SLC,RNO,1817,1592
SLC,SAN,2548,1122
SLC,SAT,587,1891
SLC,SBA,688,1049
SLC,SBP,285,1210
SLC,SDF,2,1623
SLC,SEA,3771,1592
SLC,SFO,3705,1890
SLC,SGF,1,1052
SLC,SGU,2594,1552
SLC,SJC,1372,1191
SLC,SLE,484,1839
SLC,SMF,1660,1871
SLC,SNA,2016,1614
SLC,STL,1386,1490
SLC,SUN,2903,1177
SLC,TPA,329,1461
SLC,TUL,602,1633
SLC,TUS,1485,1559
SLC,TWF,1772,1887
SLC,WYS,264,1106
SLC,XNA,4,1537
SLC,YKM,338,1061
SLC,YUM,440,1386
SLE,SLC,484,1892
SLE,TWF,2,1496
SMF,ABQ,466,1553
SMF,ACV,616,1831
SMF,ATL,682,1831
SMF,BFL,229,1468
SMF,BUR,3466,1010
SMF,CLT,76,1043
SMF,COS,426,1044
SMF,DEN,3327,1372
SMF,DFW,1347,1515
SMF,GEG,371,1186
SMF,HNL,366,1143
SMF,IAD,366,1280
SMF,IAH,1085,1254
SMF,JFK,342,1437
SMF,LAS,4064,1297
SMF,LAX,5717,1826
SMF,LGB,729,1207
SMF,MCI,306,1799
SMF,MDW,683,1430
SMF,MSP,810,1209
SMF,OGG,59,1209
SMF,OKC,229,1199
SMF,ONT,3814,1856
SMF,ORD,1077,1114
SMF,PDX,2482,1616
SMF,PHL,207,1431
SMF,PHX,4115,1370
SMF,RDD,1,1122
SMF,SAN,4573,1022
SMF,SAT,228,1387
SMF,SBA,1,1082
SMF,SEA,3638,1196
SMF,SFO,2300,1646
SMF,SLC,1660,1435
SMF,SNA,2503,1846
SMF,TUL,228,1634
SMF,TUS,467,1327
SMX,LAX,1681,1584
SNA,ATL,1463,1320
SNA,AUS,246,1864
SNA,CVG,285,1262
SNA,DEN,3326,1493
SNA,DFW,3656,1788
SNA,EWR,954,1428
SNA,HNL,64,1058
SNA,IAH,1826,1864
SNA,KOA,36,1702
SNA,LAS,4130,1261
SNA,LAX,33,1349
SNA,LIH,23,1362
SNA,MSP,1036,1440
SNA,OAK,3652,1569
SNA,OGG,60,1230
SNA,ORD,2554,1477
SNA,PDX,1418,1470
SNA,PHX,5477,1571
SNA,RNO,60,1525
SNA,SAN,1,1001
SNA,SEA,2862,1093
SNA,SFO,3994,1740
SNA,SJC,5401,1205
SNA,SLC,2015,1480
SNA,SMF,2498,1530
SNA,STL,306,1750
SPI,IAD,142,1891
SPI,ORD,1083,1503
SPS,DFW,1834,1548
SRQ,ATL,3327,1423
SRQ,BOS,23,1180
SRQ,BWI,245,1702
SRQ,CLE,118,1167
SRQ,CLT,207,1701
SRQ,CVG,445,1423
SRQ,DCA,12,1362
SRQ,DTW,219,1090
SRQ,EWR,399,1288
SRQ,IAH,70,1464
SRQ,IND,155,1519
SRQ,JFK,534,1458
SRQ,LGA,74,1115
SRQ,MDW,565,1236
SRQ,STL,37,1717
SRQ,TPA,2,1084
STL,ABQ,366,1205
STL,ATL,3956,1046
STL,AUS,95,1575
STL,BHM,366,1065
STL,BNA,258,1631
STL,BOS,865,1379
STL,BWI,1676,1183
STL,CLE,916,1035
STL,CLT,1093,1360
STL,CMH,674,1754
STL,CVG,346,1092
STL,DAL,2718,1799
STL,DCA,1296,1411
STL,DEN,2430,1632
STL,DFW,3597,1552
STL,DTW,2455,1073
STL,EWR,1725,1536
STL,FLL,472,1176
STL,HOU,1340,1825
STL,IAH,1003,1093
STL,JFK,795,1094
STL,LAS,1651,1721
STL,LAX,1687,1818
STL,LGA,1603,1237
STL,LIT,666,1019
STL,MCI,1785,1771
STL,MCO,2421,1192
STL,MDW,3755,1809
STL,MEM,1048,1686
STL,MIA,731,1076
STL,MKE,321,1367
STL,MSP,1696,1592
STL,OKC,687,1807
STL,OMA,1043,1808
STL,ORD,4256,1349
STL,PHL,576,1688
STL,PHX,2763,1241
STL,RDU,357,1177
STL,RSW,417,1025
STL,SAN,366,1090
STL,SAT,246,1869
STL,SDF,994,1407
STL,SEA,566,1010
STL,SFO,574,1399
STL,SGF,366,1876
STL,SLC,1386,1193
STL,SNA,305,1671
STL,SRQ,38,1453
STL,TPA,1088,1339
STL,TUL,899,1455
STT,ATL,451,1738
STT,BOS,88,1147
STT,CLT,418,1168
STT,EWR,232,1194
STT,JFK,366,1250
STT,LGA,9,1866
STT,MIA,732,1669
STT,PHL,198,1258
STT,SJU,478,1340
STX,ATL,64,1873
STX,CLT,20,1513
STX,JAX,2,1377
STX,MGM,1,1131
STX,MIA,349,1075
SUN,SLC,2870,1287
SUN,TWF,1,1008
SUX,MSP,122,1147
SWF,ATL,1617,1220
SWF,BDL,1,1145
SWF,BOS,1,1266
SWF,DTW,724,1516
SWF,FLL,476,1242
SWF,MCO,835,1498
SWF,PBI,360,1898
SWF,TPA,235,1163
SYR,ATL,1419,1661
SYR,CAK,1,1751
SYR,CLE,686,1250
SYR,CLT,746,1790
SYR,CVG,831,1812
SYR,DCA,313,1452
SYR,DFW,178,1429
SYR,DTW,1015,1330
SYR,EWR,1002,1629
SYR,FLL,328,1314
SYR,IAD,622,1887
SYR,JFK,1825,1250
SYR,MCO,391,1582
SYR,ORD,2342,1761
SYR,PHL,333,1449
TEX,PHX,194,1314
TLH,ATL,2484,1873
TLH,CLT,240,1291
TLH,FLL,261,1082
TLH,IAH,482,1270
TLH,MCO,219,1272
TLH,MEM,1094,1434
TLH,MIA,831,1764
TLH,TPA,301,1323
TOL,ATL,120,1038
TOL,CVG,21,1692
TOL,ORD,1337,1204
TPA,ABQ,366,1198
TPA,ALB,391,1853
TPA,ATL,7313,1861
TPA,AUS,367,1794
TPA,BDL,1266,1319
TPA,BHM,1052,1445
TPA,BNA,1695,1032
TPA,BOS,1782,1527
TPA,BUF,728,1170
TPA,BWI,3402,1279
TPA,CAK,359,1182
TPA,CLE,874,1537
TPA,CLT,2825,1584
TPA,CMH,973,1323
TPA,CVG,1101,1245
TPA,DAY,204,1094
TPA,DCA,1554,1892
TPA,DEN,1692,1506
TPA,DFW,2804,1295
TPA,DTW,1452,1412
TPA,EWR,2837,1530
TPA,FLL,3051,1209
TPA,FNT,200,1717
TPA,GPT,366,1326
TPA,HOU,1411,1548
TPA,HPN,60,1035
TPA,IAD,1906,1404
TPA,IAH,1962,1661
TPA,IND,1578,1088
TPA,ISP,1093,1217
TPA,JAX,1006,1859
TPA,JFK,3395,1552
TPA,LAS,1178,1002
TPA,LAX,519,1475
TPA,LGA,1465,1724
TPA,MCI,699,1343
TPA,MCO,1,1114
TPA,MDW,2218,1159
TPA,MEM,860,1313
TPA,MHT,741,1518
TPA,MIA,1829,1718
TPA,MKE,178,1129
TPA,MSP,1005,1565
TPA,MSY,1088,1640
TPA,ORD,2288,1279
TPA,ORF,366,1348
TPA,PBI,1353,1489
TPA,PHF,95,1798
TPA,PHL,3380,1730
TPA,PHX,1022,1852
TPA,PIT,1096,1475
TPA,PNS,136,1373
TPA,PVD,981,1352
TPA,RDU,1067,1237
TPA,ROC,366,1567
TPA,SAT,365,1323
TPA,SDF,488,1505
TPA,SJU,366,1731
TPA,SLC,329,1335
TPA,STL,1099,1589
TPA,SWF,235,1173
TPA,TLH,301,1347
TRI,ATL,1808,1203
TRI,CLT,16,1389
TRI,CVG,249,1206
TRI,MEM,44,1182
TUL,ABQ,229,1799
TUL,ASE,1,1260
TUL,ATL,1980,1193
TUL,AUS,90,1613
TUL,CVG,883,1720
TUL,DAL,2284,1433
TUL,DEN,1631,1632
TUL,DFW,3260,1752
TUL,DTW,726,1444
TUL,EWR,344,1429
TUL,GJT,2,1124
TUL,HOU,1300,1151
TUL,IAH,2319,1401
TUL,LAS,391,1758
TUL,LAX,73,1613
TUL,MCI,806,1421
TUL,MCO,9,1073
TUL,MEM,1094,1165
TUL,MSP,717,1707
TUL,OKC,1,1092
TUL,OMA,1,1385
TUL,ONT,227,1672
TUL,ORD,2038,1862
TUL,PHX,1021,1175
TUL,PIA,1,1676
TUL,SAN,228,1322
TUL,SAT,88,1328
TUL,SLC,599,1579
TUL,SMF,225,1138
TUL,STL,890,1454
TUL,XNA,1,1320
TUP,ATL,10,1031
TUS,ABQ,718,1658
TUS,ATL,667,1734
TUS,AUS,229,1898
TUS,CLT,207,1301
TUS,DEN,2029,1372
TUS,DFW,2676,1569
TUS,ELP,88,1865
TUS,EWR,186,1649
TUS,GEG,151,1867
TUS,IAD,112,1063
TUS,IAH,1669,1810
TUS,JFK,132,1005
TUS,LAS,2242,1007
TUS,LAX,4190,1708
TUS,MCI,230,1541
TUS,MDW,723,1825
TUS,MSP,439,1099
TUS,OAK,306,1588
TUS,OMA,221,1624
TUS,ONT,477,1821
TUS,ORD,865,1104
TUS,PHX,3474,1593
TUS,PSP,1,1649
TUS,RNO,219,1276
TUS,SAN,1412,1853
TUS,SAT,239,1619
TUS,SEA,444,1636
TUS,SFO,365,1195
TUS,SLC,1485,1038
TUS,SMF,465,1206
TVC,CVG,129,1100
TVC,DEN,89,1252
TVC,DTW,1210,1378
TVC,LGA,50,1655
TVC,MSN,1,1262
TVC,MSP,347,1093
TVC,ORD,2436,1158
TWF,BOI,1,1009
TWF,SLC,1810,1113
TWF,SUN,2,1138
TXK,DFW,1250,1711
TYR,DFW,1585,1130
TYS,ATL,2431,1402
TYS,AUS,3,1148
TYS,CLE,511,1260
TYS,CVG,954,1183
TYS,DEN,511,1330
TYS,DFW,1506,1137
TYS,DTW,1424,1612
TYS,EWR,651,1511
TYS,IAD,96,1294
TYS,IAH,1344,1752
TYS,LGA,603,1498
TYS,MCI,1,1786
TYS,MCO,125,1860
TYS,MEM,1460,1526
TYS,MSP,365,1855
TYS,ORD,2019,1147
VLD,ATL,938,1364
VPS,ATL,3045,1001
VPS,CVG,103,1765
VPS,DFW,1968,1519
VPS,IAH,421,1773
VPS,LGA,2,1853
VPS,MEM,1045,1608
VPS,ORD,236,1673
WRG,KTN,363,1332
WRG,PSG,364,1065
WYS,SLC,264,1249
XNA,ATL,1768,1040
XNA,BHM,1,1835
XNA,CAK,1,1807
XNA,COS,1,1629
XNA,CVG,101,1038
XNA,DCA,209,1035
XNA,DEN,685,1137
XNA,DFW,2781,1842
XNA,DTW,361,1773
XNA,EWR,545,1515
XNA,FAR,1,1261
XNA,IAH,1435,1452
XNA,LAX,358,1487
XNA,LEX,1,1760
XNA,LGA,766,1076
XNA,MEM,1044,1347
XNA,MIA,154,1215
XNA,MSP,676,1230
XNA,ORD,3114,1698
XNA,RDU,104,1346
XNA,RFD,1,1729
XNA,SGF,1,1625
XNA,SLC,4,1451
YAK,CDV,363,1319
YAK,JNU,362,1299
YKM,SLC,340,1212
YUM,GJT,1,1562
YUM,IPL,326,1165
YUM,LAS,99,1178
YUM,LAX,1044,1226
YUM,PHX,1961,1154
YUM,SLC,440,1533